"id","parent_organisation_id","organisation_name","trade_name","fy_start_month","fy_end_month","website","registration_number","vat_number","crm_id","status_id","registered_country_id","creator_ledger_id","created_by","updated_by","created_at","updated_at","logo_url","industry_id","currency_id","description","nace_section_id","revenue_access_number","exchange_ref_id","hierarchy_code","deleted_at","is_delete","leads_transactions_id","allow_external_app","proof_of_identity","proof_of_address","Column32"
31162,,"","",October,September,"","",,,1,106,1,,,"2021-10-05 05:11:05","2022-01-03 10:33:43",,,1,,,,,,"2022-01-03 10:33:43",0,0,0,,,
71203,,"",,January,December,"",,,,1,122,1,205,205,"2024-07-15 11:41:55","2024-07-15 11:41:55",,98,1,,5020,,,,,0,0,0,,,
64512,,-,,January,December,-,,,,1,75,1,205,205,"2023-09-21 08:32:54","2023-09-21 08:32:54",,98,1,,5020,,,,,0,0,0,,,
54731,,-Blank-,"",,,"","","","0010Y00000JpJCa",,106,1,103,158,"2017-03-21 00:00:00","2019-02-22 00:00:00",,,1,"",,"",,,,0,0,0,,,
61583,,.,"",February,January,"","","",,,233,1,741,741,"2023-02-06 15:22:34","2023-02-06 15:22:35",,98,1,,,,,,,0,90259,0,,,
68477,,". The fist cake i baked was 10,000frs after which i staraving many orders . Same with cooking.",,January,December,"money to get a business space and buy more equipments. The fist cake i baked was 10,000frs after which i starting having many orders . Same with cooking.",,,,1,38,1,205,205,"2024-04-12 18:59:17","2024-04-12 18:59:17",,98,1,,5020,,,,,0,0,0,,,
61282,,....,"",January,December,"","","",,1,237,1,205,763,"2022-12-31 20:02:20","2023-01-03 11:52:58",,98,1,,5020,,,,,0,0,0,,,
66485,,"""K"" PILA","",January,December,"","","",,1,84,1,205,205,"2024-01-03 12:07:13","2024-01-31 13:53:27",,98,1,,5020,,,,,0,0,0,,,
69995,,"""OCTI-VC"" Via Accra College of Medicine",,January,December,"",,,,1,106,1,205,205,"2024-06-13 03:15:47","2024-06-13 03:15:47",,98,1,,5020,,,,,0,0,0,,,
63408,,/,,January,December,/,,,,1,55,1,205,205,"2023-07-05 12:37:44","2023-07-05 12:37:44",,98,1,,5020,,,,,0,0,0,,,
70221,,•	Diocesan Commission for the Family/ Diocese of Ruhengeri,,January,December,Faith based organisation with Legal Personality No.396/08 complied with the law No.72/2028 of 31/08/2018,,,,1,106,1,205,205,"2024-06-19 01:09:05","2024-06-19 01:09:05",,98,1,,5020,,,,,0,0,0,,,
67887,,+256757646701,,January,December,"",,,,1,235,1,205,205,"2024-03-16 10:36:18","2024-03-16 10:36:18",,98,1,,5020,,,,,0,0,0,,,
62971,,"0",,January,December,"0",,,,1,106,1,205,205,"2023-05-30 05:37:53","2023-10-24 08:03:14",,98,1,,5020,,,,,0,97631,0,,,
28452,,"007H CORP","",October,September,"","",,,1,106,1,,,"2021-10-05 05:10:28","2021-10-05 05:10:28",,125,1,,,,,,,0,0,0,,,
32655,,"010.ie t/a TVL Limited","",October,September,"","",,,1,106,1,,,"2021-10-05 05:11:25","2021-10-05 05:11:25",,26,1,,,,,,,0,0,0,,,
64623,,"01011933100",,January,December,"Cairo - Mokattam City - Seventy Acres Area, Fawzi Al-Gharbawi Street",,,,1,66,1,205,205,"2023-09-27 23:50:32","2023-09-27 23:50:32",,98,1,,5020,,,,,0,0,0,,,
64377,,"01027925242",,January,December,"01027925242",,,,1,170,1,205,205,"2023-09-10 00:03:32","2023-09-10 00:03:32",,98,1,,5020,,,,,0,0,0,,,
67417,,"0110295967084",,January,December,"0110295967084",,,,1,196,1,205,205,"2024-02-24 14:17:56","2024-02-24 14:17:56",,98,1,,5020,,,,,0,0,0,,,
67886,,"01876270303",,January,December,riyazuddin Bazar,,,,1,18,1,205,205,"2024-03-16 09:03:27","2024-03-16 09:03:27",,98,1,,5020,,,,,0,0,0,,,
61565,,"0ublic health","",March,February,"","","",,1,108,1,205,749,"2023-02-03 07:37:23","2023-03-09 15:34:30",,76,1,,5020,,,,,0,90224,0,,,
53576,,"1 2 Travel (International) Limited","",,,"",IE321277,"","0010Y00001Ndk7B",,106,1,149,149,"2018-04-13 00:00:00","2018-04-13 00:00:00",,,1,"",,"",,,,0,0,0,,,
64826,,"1 Mastership Tactic Investments SMC Limited","",October,September,"","","",,1,235,1,205,205,"2023-10-09 18:34:06","2023-10-10 11:32:24",,98,1,,5020,,,,,0,0,0,,,
2447,,"1 Plus Security","",August,July,"","572044","","",1,106,1,1,1,"2021-08-18 12:46:12","2021-08-18 12:46:12",,1,1,"1 Plus Security",2,"","20170303003856",#2447#,,0,0,0,,,
67562,,"1 six store and bakery",,January,December,"",,,,1,106,1,205,205,"2024-03-03 03:17:40","2024-03-03 03:17:40",,98,1,,5020,,,,,0,0,0,,,
24586,,"1 Stop Brokers","",October,September,"","","","0010Y00000MvgsT",1,106,1,95,158,"2017-04-25 00:00:00","2019-02-22 00:00:00",,,1,"",,"",,,,0,0,0,,,
70275,,"1001ita",,January,December,"1001ita.uk",,,,1,233,1,205,205,"2024-06-20 04:27:44","2024-06-20 04:27:44",,98,1,,5020,,,,,0,0,0,,,
28064,,"101 delivery","",October,September,"","",,,1,106,1,,,"2021-10-05 05:10:24","2021-10-05 05:10:24",,51,1,,,,,,,0,0,0,,,
69320,,"10X Smart Biz",,January,December,https://10xsmartbiz.online,,,,1,148,1,205,205,"2024-05-20 17:33:02","2024-05-20 17:33:02",,98,1,,5020,,,,,0,0,0,,,
47855,,"11111","",October,September,"","",,,1,106,1,,,"2021-10-05 05:17:26","2021-10-05 05:17:26",,81,1,,,,,,,0,0,0,,,
5621,,"113 Labs","",August,July,"","","","0010Y00000VBDmB",1,106,1,158,158,"2017-06-30 00:00:00","2018-12-14 00:00:00",,1,1,"",2,"",L0007,#5621#,,0,0,0,,,
54876,,"12 Acres Brewing Company","",,,http://12acresbrewing.ie/,"","","0010Y00000CEz5n",,106,1,124,158,"2017-01-16 00:00:00","2019-02-22 00:00:00",,,1,"",,"",,,,0,0,0,,,
69851,,"12 Investment Projects (PTY)LTD",,January,December,"",,,,1,196,1,205,205,"2024-06-08 15:27:30","2024-06-08 15:27:30",,98,1,,5020,,,,,0,0,0,,,
54875,,"12 Quail Farm","",,,https://www.facebook.com/12QuailFarm/about/,"","","0010Y00000CEz5o",,106,1,124,158,"2017-01-16 00:00:00","2019-02-22 00:00:00",,,1,"",,"",,,,0,0,0,,,
59782,,"121-international",,January,December,"",,,,7,106,1,205,205,"2022-09-23 15:57:50","2022-09-23 15:57:50",,64,1,,475,,,,,0,0,0,,,
36882,,"122 Design Modern Furniture Ltd","",October,September,https://122design.com,"594763",,,1,106,1,,,"2021-10-05 05:13:18","2021-10-05 05:13:18",,98,1,,,,,,,0,0,0,,,
24588,,"123 Financial Services","",October,September,"","",,,1,106,1,,,"2021-10-05 05:09:37","2021-10-05 05:09:37",,64,1,,,,,,,0,0,0,,,
64234,,"1234rree","",August,July,"","","",,,105,1,139,139,"2023-08-30 04:09:45","2023-08-30 04:09:45",,98,1,,,,,,,0,95912,0,,,
5622,,"123ink.ie","",August,July,"","","","0010Y00000VBDly",1,106,1,158,158,"2017-06-30 00:00:00","2019-02-22 00:00:00",,1,1,"",2,"",I0010,#5622#,,0,0,0,,,
1257,,"13 Artists Limited","",August,July,"","7176591","","",1,233,1,1,1,"2021-08-18 12:45:56","2021-08-18 12:45:56",,1,1,"13 Artists Limited",2,"","20160128001341",#1257#,,0,0,0,,,
61640,,"1456","1456",January,December,"","123456789","123456789",,1,3,1,2,2,"2023-02-13 07:39:24","2023-02-13 07:39:24",,3,2,,457,,"20230213007907",#61640#,,0,0,0,,,
66798,,"15411396",,January,December,https://eztupup.com,,,,1,233,1,205,205,"2024-01-18 09:32:51","2024-01-18 09:32:51",,98,1,,5020,,,,,0,0,0,,,
61548,,"171259-206H","",February,January,"","","",,1,75,1,205,763,"2023-02-01 13:09:04","2023-02-01 13:55:16",,98,1,,5020,,,,,0,0,0,,,
26959,,"1984 Productions S.A.","",October,September,www.tvxs.gr,"",,,1,86,1,,,"2021-10-05 05:10:09","2021-10-05 05:10:09",,25,1,,,,,,,0,0,0,,,
63979,,"1Energin DMCC",,January,December,"1Energin DMCC",,,,1,237,1,205,205,"2023-08-11 07:28:44","2023-08-11 07:28:44",,98,1,,5020,,,,,0,0,0,,,
37654,,"1pm PLC","",October,September,www.1pm.co.uk,"5845866",,,1,233,1,,,"2021-10-05 05:13:28","2021-10-05 05:13:28",,64,2,,,,,,,0,0,0,,,
25973,,"2 Surface Leather","",October,September,"","",,,1,233,1,,,"2021-10-05 05:09:55","2021-10-05 05:09:55",,110,1,,,,,,,0,0,0,,,
29945,,"20 20 Brand + Marketing Visioniaries","",October,September,http://www.2020bmv.com,"",,,1,106,1,,,"2021-10-05 05:10:48","2021-10-05 05:10:48",,137,1,,,,,,,0,0,0,,,
16726,,"20/20 Window & Glazing Systems Limited","",October,September,www.glazing2020.typepad.com,"",,,1,106,1,,,"2021-10-05 05:06:17","2021-10-05 05:06:17",,48,1,,,,,,,0,0,0,,,
38801,,"2020 Bulkers","",October,September,"","",,,1,106,1,,,"2021-10-05 05:13:43","2021-10-05 05:13:43",,126,1,,,,,,,0,0,0,,,
36884,,"2020 Ltd","",October,September,http://2020.ie,N/A,,,1,106,1,,,"2021-10-05 05:13:18","2021-10-05 05:13:18",,98,1,,,,,,,0,0,0,,,
30268,,"2020 Software Limited","",October,September,http://www.2020.ie,"",,,1,106,1,,,"2021-10-05 05:10:53","2021-10-05 05:10:53",,89,1,,,,,,,0,0,0,,,
17247,,"2020 Software Ltd","",October,September,http://www.2020.ie,"",,,1,106,1,,,"2021-10-05 05:06:24","2021-10-05 05:06:24",,57,1,,,,,,,0,0,0,,,
68725,,"2024",,January,December,"2024.",,,,1,106,1,205,205,"2024-04-22 03:57:09","2024-04-22 03:57:09",,98,1,,5020,,,,,0,0,0,,,
66948,,"21 EMPIRE GROUP",,January,December,"",,,,1,226,1,205,205,"2024-01-28 00:08:02","2024-01-28 00:08:02",,98,1,,5020,,,,,0,0,0,,,
61757,,"210944769","",March,February,"","","",,1,59,1,205,741,"2023-02-23 00:51:02","2023-03-06 14:34:09",,64,1,,5020,,,,,0,0,0,,,
43785,,"214867698","",October,September,"","",,,1,106,1,,,"2021-10-05 05:16:30","2021-10-05 05:16:30",,,1,,,,,,,0,0,0,,,
31555,,"214875410","",October,September,"","",,,1,106,1,,,"2021-10-05 05:11:10","2021-10-05 05:11:10",,,1,,,,,,,0,0,0,,,
30391,,"2340000","",October,September,"","",,,1,106,1,,,"2021-10-05 05:10:55","2021-10-05 05:10:55",,,1,,,,,,,0,0,0,,,
41553,,"24 Hour Care Services","",October,September,www.24hrcareservice.ie,"",,,1,106,1,,,"2021-10-05 05:14:22","2021-10-05 05:14:22",,76,1,,,,,,,0,0,0,,,
16433,,"24-7 Security Limited","",December,September,www.247security.ie,IE389836,"","0010Y00000EhUdD",1,106,1,97,199,"2017-02-07 00:00:00","2020-09-17 00:00:00",,,1,"",,"",,,,0,0,0,,,
16888,,"24-7 Security Ltd","",October,September,http://www.247security.ie,"",,,1,106,1,,,"2021-10-05 05:06:19","2021-10-05 05:06:19",,83,1,,,,,,,0,0,0,,,
20499,,"24/7 Accounts Ltd","",October,September,http://www.247accounts.ie,"",,,1,106,1,,,"2021-10-05 05:07:06","2021-10-05 05:07:06",,3,1,,,,,,,0,0,0,,,
18273,,"2468 Group","",October,September,http://www.2468group.com,"",,,1,106,1,,,"2021-10-05 05:06:37","2021-10-05 05:06:37",,88,1,,,,,,,0,0,0,,,
43677,,"247meeting","",October,September,http://www.247meeting.com,"",,,1,106,1,,,"2021-10-05 05:16:28","2021-10-05 05:16:28",,83,1,,,,,,,0,0,0,,,
2248,,"25/8 Agency S..R.L.","",August,July,"",LU28266388,"","",1,127,1,1,1,"2021-08-18 12:46:10","2021-08-18 12:46:10",,1,1,"25/8 Agency S..R.L.",2,"","20161028003512",#2248#,,0,0,0,,,
24905,,"256Media","",October,September,www.256media.ie,"",,,1,106,1,,,"2021-10-05 05:09:41","2021-10-05 05:09:41",,47,1,,,,,,,0,0,0,,,
69003,,"2812 Capital",,January,December,"",,,,1,196,1,205,205,"2024-05-04 11:49:15","2024-05-04 11:49:15",,98,1,,5020,,,,,0,0,0,,,
60135,,"29 K Financial Analysis & Consultancy LLC",,January,December,http://www.29kadvisers.ae/,,,,7,106,1,205,205,"2022-09-23 15:58:00","2022-09-23 15:58:00",,64,1,,475,,,,,0,0,0,,,
69493,,"29th Farm",,January,December,"",,,,1,88,1,205,205,"2024-05-28 16:03:06","2024-05-28 16:03:06",,98,1,,5020,,,,,0,0,0,,,
67355,,"2AAs LLC",,January,December,"2AAs LLC",,,,1,185,1,205,205,"2024-02-21 02:00:00","2024-02-21 02:00:00",,98,1,,5020,,,,,0,0,0,,,
67891,,"2brothers Technical services",,January,December,"",,,,1,235,1,205,205,"2024-03-16 19:27:24","2024-03-16 19:27:24",,98,1,,5020,,,,,0,0,0,,,
35796,,"2E Maritime","",October,September,"","",,,1,106,1,,,"2021-10-05 05:13:04","2021-10-05 05:13:04",,126,1,,,,,,,0,0,0,,,
45606,,"2eva.ie - Energy Consultants","",October,September,www.2eva.ie,"",,,1,106,1,,,"2021-10-05 05:16:54","2021-10-05 05:16:54",,,1,,,,,,,0,0,0,,,
42810,,"2Flow","",October,September,www.2flow.ie,"",,,1,106,1,,,"2021-10-05 05:16:16","2021-10-05 05:16:16",,135,1,,,,,,,0,0,0,,,
25886,,"2FM","",October,September,www.2fm.rte.ie,"",,,1,106,1,,,"2021-10-05 05:09:54","2021-10-05 05:09:54",,24,1,,,,,,,0,0,0,,,
62932,,"2G constration",,January,December,Profitabl,,,,1,71,1,205,205,"2023-05-26 13:02:39","2023-05-26 13:02:39",,98,1,,5020,,,,,0,0,0,,,
62933,,"2g constration",,January,December,Iossrr,,,,1,71,1,205,205,"2023-05-26 13:12:20","2023-05-26 13:12:20",,98,1,,5020,,,,,0,0,0,,,
62934,,"2gconstration",,January,December,Losser,,,,1,71,1,205,205,"2023-05-26 13:19:46","2023-05-26 13:19:46",,98,1,,5020,,,,,0,0,0,,,
59783,,"2GFund Holdings Co",,January,December,http://www.2gfund.org/,,,,7,106,1,205,205,"2022-09-23 15:57:50","2022-09-23 15:57:50",,64,1,,475,,,,,0,0,0,,,
66316,,"2GO LTD",,January,December,www.2go.ng,,,,1,159,1,205,205,"2023-12-24 13:42:44","2023-12-24 13:42:44",,98,1,,5020,,,,,0,0,0,,,
1362,,"2Go Shoe Company Gmbh","2Go Shoes",August,July,"","","","",1,83,1,1,1,"2021-08-18 12:45:57","2021-08-18 12:45:57",,1,1,"2Go Shoe Company Gmbh",2,"","20160222001581",#1362#,,0,0,0,,,
39627,,"2K Shipping & Trading Ltd","",February,January,"","","",,1,227,1,,237,"2021-10-05 05:13:56","2023-02-24 13:11:46",,123,1,,,,,,,0,0,0,,,
56128,,"2KAPPA LTD","",July,June,"","","",,,86,1,216,216,"2022-07-15 14:09:53","2022-07-15 14:09:53",,126,1,,,,,,,0,80145,0,,,
16036,,"2M Engineering","",October,September,http://www.2m.ie,"",,,1,106,1,,,"2021-10-05 05:06:08","2021-10-05 05:06:08",,89,1,,,,,,,0,0,0,,,
38030,,"2M Engineering Limited","",October,September,www.2m.ie,"",,,1,106,1,,,"2021-10-05 05:13:33","2021-10-05 05:13:33",,59,1,,,,,,,0,0,0,,,
69953,,"2MHandiart",,January,December,N/A,,,,1,84,1,205,205,"2024-06-12 02:39:32","2024-06-12 02:39:32",,98,1,,5020,,,,,0,0,0,,,
5623,,"2Plus Bookkeeping & Payroll","",August,July,"","","","0010Y00000VBDme",1,106,1,158,158,"2017-06-30 00:00:00","2018-12-14 00:00:00",,1,1,"",2,"",P0009,#5623#,,0,0,0,,,
18940,,"2Tel Communications Limited","",October,September,http://www.2tel.ie,"",,,1,106,1,,,"2021-10-05 05:06:46","2021-10-05 05:06:46",,59,1,,,,,,,0,0,0,,,
1995,,"3 Arena","",August,July,"",IE128549,"","",1,106,1,1,1,"2021-08-18 12:46:06","2021-08-18 12:46:06",,1,1,"3 Arena",2,"","20160803003029",#1995#,,0,0,0,,,
59705,,"3 AXES",,January,December,https://www.3axes.eu/,,,,7,86,1,205,205,"2022-09-16 12:33:34","2022-09-16 12:33:34",,64,1,,475,,,,,0,0,0,,,
49105,,"3 GPN Scaffolding Limited","",December,September,http://www.3scaffolding.com,IE541654,"","0010Y00000eD0fw",1,106,1,105,158,"2017-09-21 00:00:00","2019-02-26 00:00:00",,77,1,"",,"",,,,0,0,0,,,
32816,,"3 Ireland Ltd","",October,September,http://www.three.ie,"",,,1,106,1,,,"2021-10-05 05:11:28","2021-10-05 05:11:28",,83,1,,,,,,,0,0,0,,,
42774,,"3 Media","",October,September,www.three.ie,"",,,1,106,1,,,"2021-10-05 05:16:15","2021-10-05 05:16:15",,4,1,,,,,,,0,0,0,,,
70513,,"3 R Mobile Private Limited",,January,December,www.3rmobile.com,,,,1,201,1,205,205,"2024-06-26 10:35:34","2024-06-26 10:35:34",,98,1,,5020,,,,,0,0,0,,,
31282,,"3 Scaffolding","",October,September,http://www.3scaffolding.com,"",,,1,106,1,,,"2021-10-05 05:11:07","2021-10-05 05:11:07",,,1,,,,,,,0,0,0,,,
70231,,"3 Step Ahead Production",,January,December,Www.instagram/iam3step,,,,1,106,1,205,205,"2024-06-19 09:08:53","2024-06-19 09:08:53",,98,1,,5020,,,,,0,0,0,,,
64369,,"30 Floor Investment,S.L",,January,December,www.investmentprivatefounds.com,,,,1,200,1,205,205,"2023-09-08 18:00:23","2023-09-08 18:00:23",,98,1,,5020,,,,,0,0,0,,,
68608,,"300-342NPO",,January,December,"300-342NPO",,,,1,196,1,205,205,"2024-04-18 12:46:26","2024-04-18 12:46:26",,98,1,,5020,,,,,0,0,0,,,
48165,,"304 Clothing Limited","",October,September,"","8191049","","0011v00002mLE9c",1,106,1,205,205,"2020-09-07 00:00:00","2020-09-07 00:00:00",,33,2,"",,"",,,,0,0,0,,,
67345,,"34","",February,January,"","","",,1,102,1,205,205,"2024-02-20 11:34:07","2024-02-23 11:55:51",,98,1,,5020,,,,,0,0,0,,,
131,,"36 Broadway","",August,July,"","1170027","","0011v000023ZZZ9",1,106,1,1,449,"2019-03-20 00:00:00","2021-04-08 00:00:00",,1,1,"",2,"","20190320006841",#131#,,0,0,0,,,
60418,,"360 Audit & Business Consultants LLC",,January,December,"",,,,7,237,1,205,741,"2022-09-28 13:21:55","2022-09-28 13:21:55",,64,1,,475,,,,,0,0,0,,,
31030,,"360 Degrees Cycles Limited","",October,September,"","",,,1,106,1,,,"2021-10-05 05:11:03","2021-10-05 05:11:03",,,1,,,,,,,0,0,0,,,
42833,,"360 Insulations","",October,September,www.360insulations.com,"",,,1,106,1,,,"2021-10-05 05:16:16","2021-10-05 05:16:16",,48,1,,,,,,,0,0,0,,,
56286,,"36N Capital","",November,October,"","","",,,135,1,218,763,"2022-07-21 13:55:21","2022-11-17 15:06:55",,64,1,,,,,,,0,80629,0,,,
61635,,"38 Management","",February,January,"","","",,1,233,1,205,216,"2023-02-13 08:22:18","2023-02-15 09:27:38",,78,1,,5020,,,,,0,0,0,,,
55137,,"3A Stainless Steel Limited","",,,"","8277202","","0011v00002fB1Ap",,106,1,199,199,"2020-05-15 00:00:00","2020-05-15 00:00:00",,,1,"",,"",,,,0,0,0,,,
66348,,"3arte",,January,December,www.3arte.pl,,,,1,175,1,205,205,"2023-12-27 09:11:38","2023-12-27 09:11:38",,98,1,,5020,,,,,0,0,0,,,
44154,,"3D Air Sales Ireland Limited","",October,September,http://www.3dair.co.uk,"",,,1,106,1,,,"2021-10-05 05:16:35","2021-10-05 05:16:35",,89,1,,,,,,,0,0,0,,,
31743,,"3D Design Bureau","",October,September,http://www.3ddesignbureau.com,"",,,1,106,1,,,"2021-10-05 05:11:13","2021-10-05 05:11:13",,89,1,,,,,,,0,0,0,,,
2205,,"3D Family Usa Limited","",August,July,"","270176066","","",1,234,1,1,1,"2021-08-18 12:46:09","2021-08-18 12:46:09",,1,1,"3D Family Usa Limited",2,"","20161012003411",#2205#,,0,0,0,,,
36885,,"3D Issue Ltd","",October,September,https://www.3dissue.com,"387884",,,1,106,1,,,"2021-10-05 05:13:18","2021-10-05 05:13:18",,98,1,,,,,,,0,0,0,,,
48114,,"3D Personnel Limited","",October,September,www.3dpersonnel.com,IE441121,,,1,106,1,,,"2021-10-05 05:17:30","2021-10-05 05:17:30",,98,1,,,,,,,0,0,0,,,
56126,,"3D Print World PVT","",November,October,"","","",,1,102,1,205,763,"2022-07-15 12:10:21","2022-11-28 16:26:24",,98,1,,5020,,,,,0,0,0,,,
5624,,"3D Printing Ireland","3D Printing Ireland",August,July,www.3dprintingireland.com,"539832",IE3274061HH,"0011v00001ktv5K",1,106,1,144,158,"2018-09-06 00:00:00","2019-02-22 00:00:00",,1,1,"",2,"",P0011,#5624#,,0,0,0,,,
48115,,"3D Specialist Contracting Limited","",October,September,"",IE510475,,,1,106,1,,,"2021-10-05 05:17:30","2021-10-05 05:17:30",,98,1,,,,,,,0,0,0,,,
31746,,"3D Technology Ltd","",October,September,"","",,,1,106,1,,,"2021-10-05 05:11:13","2021-10-05 05:11:13",,,1,,,,,,,0,0,0,,,
47937,,"3Dnr (Charleston) Limited","",October,September,"",IE619481,,,1,106,1,,,"2021-10-05 05:17:27","2021-10-05 05:17:27",,98,1,,,,,,,0,0,0,,,
45665,,"3Dom Filaments","",October,September,"","",,,1,106,1,,,"2021-10-05 05:16:55","2021-10-05 05:16:55",,46,1,,,,,,,0,0,0,,,
60296,,"3E Accounting Pte. Ltd",,January,December,"",,,,7,173,1,205,741,"2022-09-28 13:21:52","2022-09-28 13:21:52",,64,1,,475,,,,,0,0,0,,,
61918,,"3e Capital Partners GmbH","",March,February,"","","",,,83,1,205,205,"2023-03-06 20:43:46","2023-03-06 20:46:47",,64,1,,,,,,,0,91096,0,,,
47374,,"3F Leisure Ltd","",October,September,"","5728901",,,1,233,1,,,"2021-10-05 05:17:19","2021-10-05 05:17:19",,76,1,,,,,,,0,0,0,,,
45737,,"3FE Coffee Limited","",October,September,https://3fe.com/,"",,,1,106,1,,,"2021-10-05 05:16:56","2021-10-05 05:16:56",,65,1,,,,,,,0,0,0,,,
5,,"3G Truck & Trailer Parts Limited","",August,July,"","","","",1,106,1,1,1,"2021-08-18 12:45:42","2021-08-18 12:45:42",,1,1,"3G Truck & Trailer Parts Limited",2,"","20180911006176",#5#,,0,0,0,,,
3770,,"3G Truck & Trailer Parts Limited","",August,July,"",GB990875367,"","",1,233,1,1,1,"2021-08-18 12:46:30","2021-08-18 12:46:30",,1,2,"3G Truck & Trailer Parts Limited",2,"","20180911006176",#3770#,,0,0,0,,,
6383,3770,"3G Truck & Trailer Parts Limited (Dormant)","3G Truck & Trailer Parts Limited (DORMANT)",August,July,"",GB990875367-1,"","",1,233,1,1,1,"2021-08-18 12:47:23","2021-08-18 12:47:23",,1,2,"3G Truck & Trailer Parts Limited (Dormant)",2,"","20180911000036",#3770#6383#,,0,0,0,,,
53737,,"3G Truck & Trailer Parts Ltd","",,,"",GB990875367,"","0011v00001kvHOc",,106,1,1,449,"2018-09-11 00:00:00","2021-04-08 00:00:00",,,1,"",,"",,,,0,0,0,,,
60022,,"3i Capital Group Corporation",,January,December,http://www.3icgroup.com/,,,,7,106,1,205,205,"2022-09-23 15:57:57","2022-09-23 15:57:57",,64,1,,475,,,,,0,0,0,,,
28337,,"3I International Innovative Industries S.A.","",October,September,www.isopipe.eu,"",,,1,86,1,,,"2021-10-05 05:10:27","2021-10-05 05:10:27",,89,1,,,,,,,0,0,0,,,
62621,,"3kkk",,January,December,"",,,,1,66,1,205,205,"2023-04-30 08:20:40","2023-05-18 12:57:19",,98,1,,5020,,,,,0,93166,0,,,
59628,,"3M Decorative Antiques ltd","",November,October,https://decorativeandantiques.com/,"","",,1,233,1,205,763,"2022-09-12 05:51:08","2022-11-29 09:51:21",,98,1,,5020,,,,,0,0,0,,,
29926,,"3M Ireland Limited","",October,September,http://www.3m.com/ie,"",,,1,106,1,,,"2021-10-05 05:10:48","2021-10-05 05:10:48",,89,1,,,,,,,0,0,0,,,
44813,,"3M Ireland Ltd","",October,September,http://www.3m.com/ie,"",,,1,106,1,,,"2021-10-05 05:16:43","2021-10-05 05:16:43",,89,1,,,,,,,0,0,0,,,
61706,,"3M Science Applied to life","",February,January,"","","",,,234,1,763,763,"2023-02-17 15:13:29","2023-02-17 15:13:29",,64,1,,,,,,,0,90587,0,,,
55697,,"3P Logistics",,January,December,enquiries@3p-logistics.co.uk,,,,1,106,1,205,205,"2022-03-22 13:37:43","2022-03-22 13:37:43",,126,1,,5020,,,,,0,0,0,,,
45970,,"3Rs Office Supplies Limited","",October,September,"","",,,1,106,1,,,"2021-10-05 05:16:59","2021-10-05 05:16:59",,118,1,,,,,,,0,0,0,,,
60419,,"3S Capital Investment LLC",,January,December,"",,,,7,237,1,205,741,"2022-09-28 13:21:55","2022-09-28 13:21:55",,64,1,,475,,,,,0,0,0,,,
61619,,"3S Egycrete for contracting","",February,January,"","","",,1,66,1,205,768,"2023-02-11 10:12:24","2023-02-13 16:26:00",,45,1,,5020,,,,,0,0,0,,,
46183,,"3Sixty Financial Planning","",October,September,www.3sixty.ie/,"","","0010Y00000uliFJ",1,106,1,164,158,"2017-11-22 00:00:00","2019-02-26 00:00:00",,,1,"",,"",,,,0,0,0,,,
64686,,"3T MMC",,January,December,"",,,,1,15,1,205,205,"2023-09-30 23:39:06","2023-09-30 23:39:06",,98,1,,5020,,,,,0,0,0,,,
47794,,"3TI Energy Hubs Limited","",October,September,www.3ti.co.uk,"11868514","","0011v000037lg4e",1,233,1,140,140,"2021-10-21 00:00:00","2021-11-26 00:00:00",,57,2,"",,"",,,,0,74394,0,,,
1213,,"3Waylabs (Cubatron)","",August,July,"","","","",1,234,1,1,1,"2021-08-18 12:45:55","2021-08-18 12:45:55",,1,3,"3Waylabs (Cubatron)",2,"","20160105001253",#1213#,,0,0,0,,,
6,,"4 Aces","",August,July,"","","","",1,106,1,1,1,"2021-08-18 12:45:42","2021-08-18 12:45:42",,1,1,"4 Aces",2,"","20160217001506",#6#,,0,0,0,,,
6384,6,"4 Aces Wholesale Limited","4 Aces Wholesale Limited Better Deal Cash & Carry Limited",August,July,"",IE102166,"","",1,106,1,1,1,"2021-08-18 12:47:23","2021-08-18 12:47:23",,1,1,"4 Aces Wholesale Limited",2,"","20160217000037",#6#6384#,,0,0,0,,,
39717,,"4 D Properties Limited","",October,September,"",IE167074,,,1,106,1,,,"2021-10-05 05:13:57","2021-10-05 05:13:57",,98,1,,,,,,,0,0,0,,,
26281,,"4 Teens Sole Shareholder  Co. Ltd","",October,September,www.beyou.com.gr,"",,,1,86,1,,,"2021-10-05 05:09:59","2021-10-05 05:09:59",,33,1,,,,,,,0,0,0,,,
30427,,"419871785","",October,September,"","",,,1,106,1,,,"2021-10-05 05:10:55","2021-10-05 05:10:55",,,1,,,,,,,0,0,0,,,
31967,,"433340300","",October,September,"","",,,1,106,1,,,"2021-10-05 05:11:16","2021-10-05 05:11:16",,,1,,,,,,,0,0,0,,,
65611,,"4A Global Energy Solution Limited",,January,December,"",,,,1,159,1,205,205,"2023-11-28 11:03:36","2023-11-28 11:03:36",,98,1,,5020,,,,,0,0,0,,,
6515,739,"4Degreesc Limited","",August,July,"","4444939","","",1,233,1,1,1,"2021-08-18 12:47:24","2021-08-18 12:47:24",,1,1,"4Degreesc Limited",2,"","20130711000164",#739#6515#,,0,0,0,,,
28163,,"4E Energeiaki S.A.","",October,September,www.4eenergiaki.gr,"",,,1,86,1,,,"2021-10-05 05:10:25","2021-10-05 05:10:25",,54,1,,,,,,,0,0,0,,,
37076,,"4E Fulfillment Com Ltd","",October,September,https://www.giftsdirect.com,"309454",,,1,106,1,,,"2021-10-05 05:13:21","2021-10-05 05:13:21",,98,1,,,,,,,0,0,0,,,
56129,,"4E MARINE - MOURATIDIS EFST. EFTYCHIOS","",July,June,"","","",,,86,1,216,216,"2022-07-15 14:18:26","2022-07-15 14:18:26",,126,1,,,,,,,0,80148,0,,,
60694,,"4i Accounting",,January,December,"",,,,7,86,1,205,741,"2022-10-06 05:16:40","2022-10-06 05:16:40",,64,1,,475,,,,,0,0,0,,,
54795,,"4iAccounting AE","",,,www.4iaccounting.com,"","","0011v000033XLlW",,86,1,96,96,"2021-08-08 00:00:00","2021-08-08 00:00:00",,,1,"",,"",,,,0,0,0,,,
1138,,"4Orm Apparel Limited","4orm Apparel Limited",August,July,"",IE465578,"","",1,106,1,1,1,"2021-08-18 12:45:54","2021-08-18 12:45:54",,1,1,"4Orm Apparel Limited",2,"","20150817001070",#1138#,,0,0,0,,,
36886,,"4Orm Apparel Ltd","",October,September,http://4orm.ie,"465578",,,1,106,1,,,"2021-10-05 05:13:18","2021-10-05 05:13:18",,98,1,,,,,,,0,0,0,,,
36887,,"4Property Ltd","",October,September,https://www.4property.com,N/A,,,1,106,1,,,"2021-10-05 05:13:18","2021-10-05 05:13:18",,98,1,,,,,,,0,0,0,,,
37561,,"4Syte","",October,September,https://www.4syte.co.uk/,"",,,1,106,1,,,"2021-10-05 05:13:27","2021-10-05 05:13:27",,64,1,,,,,,,0,0,0,,,
60051,,"4xMoneyTrade",,January,December,http://4xmoneybiz.com/,,,,7,106,1,205,205,"2022-09-23 15:57:58","2022-09-23 15:57:58",,64,1,,475,,,,,0,0,0,,,
56131,,"5 OCEANS SHIPPING MANAGEMENT SA","",July,June,"","","",,,86,1,216,216,"2022-07-18 07:35:08","2022-07-18 07:35:08",,126,1,,,,,,,0,80154,0,,,
31700,,"52Financial","",October,September,"","",,,1,106,1,,,"2021-10-05 05:11:12","2021-10-05 05:11:12",,64,1,,,,,,,0,0,0,,,
58070,,"52North Ship Management BV",,January,December,"",,,,1,154,1,205,205,"2022-08-31 12:21:04","2022-09-06 04:22:09",,126,1,,5020,,,,,0,85712,0,,,
42957,,"53 Degrees Design Limited","",October,September,www.53degrees.ie,"",,,1,106,1,,,"2021-10-05 05:16:18","2021-10-05 05:16:18",,24,1,,,,,,,0,0,0,,,
70287,,"555 Farming",,January,December,N/a,,,,1,122,1,205,205,"2024-06-20 13:09:02","2024-06-20 13:09:02",,98,1,,5020,,,,,0,0,0,,,
5625,,"6 Pointer Sports Consulting Limited","",August,July,"","","","",1,106,1,1,1,"2021-08-18 12:46:55","2021-08-18 12:46:55",,1,1,"6 Pointer Sports Consulting Limited",2,"",RW001,#5625#,,0,0,0,,,
60024,,"6 Sigma Group",,January,December,http://www.6sigmagrp.com/,,,,7,106,1,205,205,"2022-09-23 15:57:57","2022-09-23 15:57:57",,64,1,,475,,,,,0,0,0,,,
29262,,"7 Hotel","",October,September,"","",,,1,106,1,,,"2021-10-05 05:10:39","2021-10-05 05:10:39",,78,1,,,,,,,0,0,0,,,
60026,,"7Dvision LLC FZ",,January,December,http://www.7dvision.com/,,,,7,106,1,205,205,"2022-09-23 15:57:57","2022-09-23 15:57:57",,64,1,,475,,,,,0,0,0,,,
63535,,"7sky International PLC","",July,June,"","","",,1,71,1,205,205,"2023-07-10 14:32:26","2023-07-19 09:28:22",,98,3,,5020,,,,,0,0,0,,,
2721,,"8 West Consulting","",July,June,"",IE278462,"","",1,106,1,1,842,"2021-08-18 12:46:16","2024-07-12 13:25:26",,47,1,"8 West Consulting",2,,"20170724004294",#2721#,,0,0,0,,,
55340,,"8/12","",December,November,"","","",,1,5,1,86,86,"2021-12-08 13:40:28","2021-12-08 13:40:28",,270,3,This is for test purpose,310,,,,,0,0,0,,,
43600,,"872691212","",October,September,"","",,,1,106,1,,,"2021-10-05 05:16:27","2021-10-05 05:16:27",,,1,,,,,,,0,0,0,,,
31164,,"879081676","",October,September,"","",,,1,106,1,,,"2021-10-05 05:11:05","2021-10-05 05:11:05",,,1,,,,,,,0,0,0,,,
19607,,"88 Food Company","",October,September,"","",,,1,106,1,,,"2021-10-05 05:06:54","2021-10-05 05:06:54",,66,1,,,,,,,0,0,0,,,
22361,,"8Man","",October,September,"","",,,1,106,1,,,"2021-10-05 05:07:31","2021-10-05 05:07:31",,,1,,,,,,,0,0,0,,,
63035,,"9 MM Services",,January,December,"",,,,1,34,1,205,205,"2023-06-06 11:38:25","2023-06-06 11:38:25",,98,1,,5020,,,,,0,0,0,,,
18829,,"9 to 6","",October,September,"","",,,1,106,1,,,"2021-10-05 05:06:44","2021-10-05 05:06:44",,110,1,,,,,,,0,0,0,,,
18977,,"9 White Deer","",October,September,http://9whitedeer.ie/,"",,,1,106,1,,,"2021-10-05 05:06:46","2021-10-05 05:06:46",,19,1,,,,,,,0,0,0,,,
55946,,"90 North Limited",Project Working Capital,May,April,"","14100215","",,,233,1,140,140,"2022-05-12 12:45:31","2022-05-12 12:45:31",,64,2,,478,,,,,0,79094,0,,,
719,,"911 Manufacturing",IE359781,August,July,"","","","",1,106,1,1,1,"2021-08-18 12:45:49","2021-08-18 12:45:49",,1,1,"911 Manufacturing",2,"","20210101001415",#719#,,0,0,0,,,
63322,,"973214680",,January,December,"",,,,1,71,1,205,205,"2023-06-29 18:04:23","2023-06-29 18:04:23",,98,1,,5020,,,,,0,0,0,,,
68960,,"99&Co. Resources",,January,December,"99andco.com",,,,1,106,1,205,205,"2024-05-02 17:38:09","2024-05-02 17:38:09",,98,1,,5020,,,,,0,0,0,,,
69270,,"99Jewelries",,January,December,https://www.instagram.com/99jewelries?igsh=ZHJqZjZnN253ZDV4&utm_source=qr,,,,1,105,1,205,205,"2024-05-17 23:37:04","2024-05-21 15:19:56",,98,1,,5020,,,,,0,105852,0,,,
53097,,a,"",,,"","","","0011v00002yNgqd",,106,1,205,205,"2021-04-16 00:00:00","2021-04-16 00:00:00",,,1,"",,"",,,,0,0,0,,,
18823,,A & A Engineering Company Limited,"",October,September,"","",,,1,106,1,,,"2021-10-05 05:06:44","2021-10-05 05:06:44",,96,1,,,,,,,0,0,0,,,
42704,,A & A Quinn Roofing Solutions,"",October,September,www.quinnroofing.ie,IE479220,"","0011v00001kwWHO",1,106,1,153,158,"2018-09-14 00:00:00","2019-02-22 00:00:00",,,1,"",,"",,,,0,0,0,,,
27910,,A & A Security Systems,"",October,September,"","",,,1,106,1,,,"2021-10-05 05:10:22","2021-10-05 05:10:22",,5,1,,,,,,,0,0,0,,,
44233,,A & B Painting,"",October,September,"","",,,1,106,1,,,"2021-10-05 05:16:36","2021-10-05 05:16:36",,96,1,,,,,,,0,0,0,,,
16008,,A & D Aluminium Ltd,"",October,September,http://www.adaluminium.ie,"",,,1,106,1,,,"2021-10-05 05:06:08","2021-10-05 05:06:08",,59,1,,,,,,,0,0,0,,,
18195,,A & D Motor Factors Limited,"",October,September,"","",,,1,106,1,,,"2021-10-05 05:06:36","2021-10-05 05:06:36",,14,1,,,,,,,0,0,0,,,
62209,,A & D Quality Goods Srl,"",March,February,"","","",,,233,1,763,763,"2023-03-29 10:35:11","2023-03-29 10:35:11",,98,1,,,,,,,0,91735,0,,,
15752,,A & D Wejchert & Partners Limited,"",October,September,www.wejchert.ie,"",,,1,106,1,,,"2021-10-05 05:06:05","2021-10-05 05:06:05",,13,1,,,,,,,0,0,0,,,
23063,,A & E Boiler Services And Repair Limited,"",October,September,"","",,,1,106,1,,,"2021-10-05 05:07:40","2021-10-05 05:07:40",,48,1,,,,,,,0,0,0,,,
65200,,A & J Comoany Ltd,,January,December,A & J Comoany Ltd,,,,1,135,1,205,205,"2023-11-02 13:09:15","2023-11-02 13:09:15",,98,1,,5020,,,,,0,0,0,,,
31701,,A & L Goodbody,"",October,September,"","",,,1,106,1,,,"2021-10-05 05:11:12","2021-10-05 05:11:12",,64,1,,,,,,,0,0,0,,,
39886,,A & M Commercials Ireland Limited,"",October,September,"",IE357539,,,1,106,1,,,"2021-10-05 05:13:59","2021-10-05 05:13:59",,98,1,,,,,,,0,0,0,,,
17369,,A & M Storage,"",October,September,http://aandmselfstorage.com/,"",,,1,106,1,,,"2021-10-05 05:06:26","2021-10-05 05:06:26",,89,1,,,,,,,0,0,0,,,
39768,,A & P Tipper Hire Limited,"",October,September,"",IE377328,,,1,106,1,,,"2021-10-05 05:13:57","2021-10-05 05:13:57",,98,1,,,,,,,0,0,0,,,
22582,,A & R Newcastlewest Limited,"",October,September,http://www.aandrsupplies.com,"",,,1,106,1,,,"2021-10-05 05:07:34","2021-10-05 05:07:34",,57,1,,,,,,,0,0,0,,,
65900,,A & S Farms and agro allied services,,January,December,"",,,,1,159,1,205,205,"2023-12-10 11:08:04","2023-12-10 11:08:04",,98,1,,5020,,,,,0,0,0,,,
66978,,A A,"",January,December,"","","",,,104,1,80,80,"2024-01-29 11:42:26","2024-01-29 11:42:26",,98,3,,,,,,,0,101262,0,,,
54573,,A AAAA All Ireland Windscreens Limited,"",December,,"",IE323807,"","0010Y000012yJy1",,106,1,163,158,"2018-01-04 00:00:00","2019-02-11 00:00:00",,,1,"",,"",,,,0,0,0,,,
69541,,A and EM Bright Glory Christian school Pty ltd,,January,December,www.brightglorycsaem.co.za,,,,1,106,1,205,205,"2024-05-29 18:40:45","2024-05-29 18:40:45",,98,1,,5020,,,,,0,0,0,,,
16435,,A and L Electrical Limited,"",October,September,www.alelectrical.com,"",,,1,106,1,,,"2021-10-05 05:06:13","2021-10-05 05:06:13",,55,1,,,,,,,0,0,0,,,
33015,,A Better Choice,"",October,September,"","",,,1,106,1,,,"2021-10-05 05:11:31","2021-10-05 05:11:31",,64,1,,,,,,,0,0,0,,,
7646,7,A Brilliant Cleaning Service Limited,"",July,June,"",IE389748,"","",1,106,1,1,842,"2021-08-18 12:47:41","2024-07-16 08:30:37",,98,1,A Brilliant Cleaning Service Limited,2,,"20151127001229",#7#7646#,,0,0,0,,,
39488,,"A Brodeur, M Corblet & Cie","",February,January,"","","",,1,76,1,,237,"2021-10-05 05:13:54","2023-02-24 13:08:23",,123,1,,,,,,,0,0,0,,,
41534,,A Browne Floors,"",October,September,www.abrownefloors.ie,"",,,1,106,1,,,"2021-10-05 05:14:22","2021-10-05 05:14:22",,89,1,,,,,,,0,0,0,,,
18831,,A C Taylor Trading Limited,"",October,September,"","",,,1,106,1,,,"2021-10-05 05:06:44","2021-10-05 05:06:44",,59,1,,,,,,,0,0,0,,,
20196,,A Cafferkey Developments Limited,"",October,September,www.cafferkey.ie,"",,,1,106,1,,,"2021-10-05 05:07:02","2021-10-05 05:07:02",,59,1,,,,,,,0,0,0,,,
18833,,A Class Shutters Limited,"I saw on your website that you deal with Cork County Council, Do you find that when their bigger jobs come in, it stops you from taking on concurring contracts ?",October,September,www.aclassshutters.com,"",,,1,106,1,,,"2021-10-05 05:06:44","2021-10-05 05:06:44",,80,1,,,,,,,0,0,0,,,
67626,,A Cutting Edge University,,January,December,A Cutting Edge University,,,,1,106,1,205,205,"2024-03-04 20:45:09","2024-03-04 20:45:09",,98,1,,5020,,,,,0,0,0,,,
28448,,A DE BOER OFFSHORE ACTIVITIES,"",October,September,"","",,,1,106,1,,,"2021-10-05 05:10:28","2021-10-05 05:10:28",,126,1,,,,,,,0,0,0,,,
38814,,A de Groot Olietransport,"",October,September,"","",,,1,106,1,,,"2021-10-05 05:13:44","2021-10-05 05:13:44",,126,1,,,,,,,0,0,0,,,
20501,,A Ferguson & Co,"",October,September,"","",,,1,106,1,,,"2021-10-05 05:07:06","2021-10-05 05:07:06",,3,1,,,,,,,0,0,0,,,
41776,,A Ghra Homecare Services Limited,"",October,September,www.aghrahomecare.ie,"",,,1,106,1,,,"2021-10-05 05:14:25","2021-10-05 05:14:25",,76,1,,,,,,,0,0,0,,,
46810,,A Giffney And Sons Limited,"",October,September,"","",,,1,106,1,,,"2021-10-05 05:17:12","2021-10-05 05:17:12",,,1,,,,,,,0,0,0,,,
25562,,A Horton Limited,"",October,September,www.ties.ie,"",,,1,106,1,,,"2021-10-05 05:09:50","2021-10-05 05:09:50",,4,1,,,,,,,0,0,0,,,
38209,,A J R Consultancy Limited,"",October,September,"","",,,1,106,1,,,"2021-10-05 05:13:35","2021-10-05 05:13:35",,97,1,,,,,,,0,0,0,,,
33111,,A J WALTER LEASING IRELAND LIMITED,"",October,September,"","",,,1,106,1,,,"2021-10-05 05:11:32","2021-10-05 05:11:32",,98,1,,,,,,,0,0,0,,,
58071,,A L J & R W Weemhof & F Wouda,,January,December,"",,,,1,154,1,205,205,"2022-08-31 12:21:04","2022-08-31 12:21:04",,126,1,,5020,,,,,0,0,0,,,
28495,,A LINE CORP,"",October,September,"","",,,1,106,1,,,"2021-10-05 05:10:29","2021-10-05 05:10:29",,126,1,,,,,,,0,0,0,,,
40588,,A M Quinn & Company Accountants,"",October,September,"","",,,1,106,1,,,"2021-10-05 05:14:09","2021-10-05 05:14:09",,,1,,,,,,,0,0,0,,,
47494,,A Mici Line Shipping,"",October,September,www.miciline.it.st,"",,,1,106,1,,,"2021-10-05 05:17:21","2021-10-05 05:17:21",,123,1,,,,,,,0,0,0,,,
43067,,A N Petersen AS,"",October,September,"","",,,1,106,1,,,"2021-10-05 05:16:19","2021-10-05 05:16:19",,123,1,,,,,,,0,0,0,,,
20136,,A O'K Plant Hire & Contractors,"",October,September,"","",,,1,106,1,,,"2021-10-05 05:07:01","2021-10-05 05:07:01",,89,1,,,,,,,0,0,0,,,
26537,,A P & A Group,"",October,September,"","",,,1,233,1,,,"2021-10-05 05:10:03","2021-10-05 05:10:03",,70,1,,,,,,,0,0,0,,,
26792,,A P & A Maritime Limited,"",March,February,"","","",,1,86,1,,205,"2021-10-05 05:10:07","2022-03-04 13:33:34",,70,1,,,,,,,0,0,0,,,
29843,,A Passion For Flowers,"",October,September,"","",,,1,106,1,,,"2021-10-05 05:10:47","2021-10-05 05:10:47",,6,1,,,,,,,0,0,0,,,
70503,,A peculiar mobile money business,,January,December,"",,,,1,106,1,205,205,"2024-06-26 06:39:38","2024-06-26 06:39:38",,98,1,,5020,,,,,0,0,0,,,
65004,,A PLUS ELECTRONICS,,January,December,apluselectro-tech.com,,,,1,237,1,205,205,"2023-10-19 12:45:16","2023-10-19 12:45:16",,98,1,,5020,,,,,0,0,0,,,
31702,,A Plus Financial Services,"",October,September,"","",,,1,106,1,,,"2021-10-05 05:11:12","2021-10-05 05:11:12",,,1,,,,,,,0,0,0,,,
42829,,A Plus Foam,"",October,September,www.aplusfoam.ie,"",,,1,106,1,,,"2021-10-05 05:16:16","2021-10-05 05:16:16",,48,1,,,,,,,0,0,0,,,
65901,,A Plus Mechanics,,January,December,https://instagram.com/a_plus_mechanics?igshid=OGQ5ZDc2ODk2ZA%3D%3D&utm_source=qr,,,,1,159,1,205,205,"2023-12-10 12:43:23","2023-12-10 12:43:23",,98,1,,5020,,,,,0,0,0,,,
42822,,A Plus Skip Hire,"",October,September,www.aplusskips.ie,"",,,1,106,1,,,"2021-10-05 05:16:16","2021-10-05 05:16:16",,146,1,,,,,,,0,0,0,,,
31703,,A R B Underwriting,"",October,September,"","",,,1,106,1,,,"2021-10-05 05:11:12","2021-10-05 05:11:12",,,1,,,,,,,0,0,0,,,
16728,,A R Brownlow Limited,"",October,September,www.arbrownlow.ie,"",,,1,106,1,,,"2021-10-05 05:06:17","2021-10-05 05:06:17",,59,1,,,,,,,0,0,0,,,
42906,,A R O'Hare & Company Limited,"",October,September,"","",,,1,106,1,,,"2021-10-05 05:16:17","2021-10-05 05:16:17",,33,1,,,,,,,0,0,0,,,
67916,,A R Raihan Trading Corporation,,January,December,na,,,,1,18,1,205,205,"2024-03-18 11:17:52","2024-03-18 11:17:52",,98,1,,5020,,,,,0,0,0,,,
55261,,A R Richards Ltd,"",,,"",UK11421522,"","0011v000031M0Cf",,106,1,73,73,"2021-06-21 00:00:00","2021-06-21 00:00:00",,,1,"",,"",,,,0,0,0,,,
18835,,A Rated Energy Ireland Limited,"",October,September,www.aratedenergy.ie,"",,,1,106,1,,,"2021-10-05 05:06:44","2021-10-05 05:06:44",,80,1,,,,,,,0,0,0,,,
28466,,A REEFER LINE SA,"",October,September,"","",,,1,106,1,,,"2021-10-05 05:10:29","2021-10-05 05:10:29",,126,1,,,,,,,0,0,0,,,
5343,,A Rockin Bobbin,"",August,July,"","","","0010Y00000AlCrO",1,106,1,134,158,"2016-12-22 00:00:00","2022-12-07 05:09:00",,1,1,"",2,"","11604000590",#5343#,,0,88829,0,,,
66649,,A S AGRO AND FOOD LTD,,January,December,"",,,,1,18,1,205,205,"2024-01-07 11:29:34","2024-01-07 11:29:34",,98,1,,5020,,,,,0,0,0,,,
48428,,A S Ballantine Quarry,"",October,September,www.asballentine.com,IE906539,"","0010Y00000AlCqj",1,106,1,134,158,"2016-12-22 00:00:00","2019-02-22 00:00:00",,97,1,"",,"",,,,0,72864,0,,,
66353,,A S MULTI BUSINESS CENTRE,,January,December,"",,,,1,84,1,205,205,"2023-12-27 16:26:10","2023-12-27 16:26:10",,98,1,,5020,,,,,0,0,0,,,
37412,,A Slice of Heaven,"",October,September,www.asliceofheaven.ie,"",,,1,106,1,,,"2021-10-05 05:13:25","2021-10-05 05:13:25",,15,1,,,,,,,0,0,0,,,
6524,739,A Slice Of Heaven Limited,"",July,June,"",NI606796,"","",1,233,1,1,842,"2021-08-18 12:47:25","2024-07-09 09:19:42",,66,2,A Slice Of Heaven Limited,2,,"20130711000172",#739#6524#,,0,0,0,,,
1077,,A Space Cabins Limited,"",August,July,http://www.aspace.ie,"","","0010Y00001SASii",1,106,1,105,158,"2018-05-03 00:00:00","2019-02-26 00:00:00",,1,1,"",2,"","20150526000842",#1077#,,0,0,0,,,
44706,,A Space Cabins Ltd,"",October,September,http://www.aspace.ie,"",,,1,106,1,,,"2021-10-05 05:16:42","2021-10-05 05:16:42",,46,1,,,,,,,0,0,0,,,
18837,,A Stitch in Time,"",October,September,www.astitchintime.ie,"",,,1,106,1,,,"2021-10-05 05:06:44","2021-10-05 05:06:44",,33,1,,,,,,,0,0,0,,,
45211,,A Stitch In Time Embroidery Ltd,"",October,September,http://www.astitchintime.ie,"",,,1,106,1,,,"2021-10-05 05:16:49","2021-10-05 05:16:49",,141,1,,,,,,,0,0,0,,,
16730,,A Sunflower Recycling Project,"",October,September,www.sunflowerrecycling.ie,"",,,1,106,1,,,"2021-10-05 05:06:17","2021-10-05 05:06:17",,146,1,,,,,,,0,0,0,,,
40417,,A T Blackley & Company Chartered Accountants,"",October,September,"","",,,1,106,1,,,"2021-10-05 05:14:07","2021-10-05 05:14:07",,,1,,,,,,,0,0,0,,,
41948,,A Taste of Italy,"",October,September,www.atasteofitaly.ie,"",,,1,106,1,,,"2021-10-05 05:14:27","2021-10-05 05:14:27",,81,1,,,,,,,0,0,0,,,
17253,,A Tec Fire & Security Group,"",October,September,"","",,,1,106,1,,,"2021-10-05 05:06:24","2021-10-05 05:06:24",,83,1,,,,,,,0,0,0,,,
16732,,A Tec-IT Technology Solutions for Business,"",October,September,www.atecit.ie,"",,,1,106,1,,,"2021-10-05 05:06:17","2021-10-05 05:06:17",,83,1,,,,,,,0,0,0,,,
31288,,A Tint Glass Coatings Specialists Limited t/a Coatek,"",October,September,http://www.coatek.ie,"",,,1,106,1,,,"2021-10-05 05:11:07","2021-10-05 05:11:07",,89,1,,,,,,,0,0,0,,,
17359,,A to Z Computers,"",October,September,http://www.atozcomputers.ie,"",,,1,106,1,,,"2021-10-05 05:06:25","2021-10-05 05:06:25",,57,1,,,,,,,0,0,0,,,
45027,,A To Z Industrial Supplies,"",October,September,http://www.atozsafetycentre.ie,"",,,1,106,1,,,"2021-10-05 05:16:47","2021-10-05 05:16:47",,33,1,,,,,,,0,0,0,,,
41667,,A to Z Safety Centre,"",October,September,www.atozsafetycentre.ie,"",,,1,106,1,,,"2021-10-05 05:14:23","2021-10-05 05:14:23",,45,1,,,,,,,0,0,0,,,
25021,,A Touch of Ireland Limited,"",October,September,www.atouchofireland.ie,"",,,1,106,1,,,"2021-10-05 05:09:43","2021-10-05 05:09:43",,62,1,,,,,,,0,0,0,,,
18839,,A Touch Of Magic,"",October,September,http://www.atouchofmagic.ie,"",,,1,106,1,,,"2021-10-05 05:06:44","2021-10-05 05:06:44",,66,1,,,,,,,0,0,0,,,
15420,,A V Packaging Company Limited,"",October,September,"","",,,1,106,1,,,"2021-10-05 05:06:00","2021-10-05 05:06:00",,89,1,,,,,,,0,0,0,,,
24280,,A Vet & Pet Superstore,"",October,September,"","",,,1,106,1,,,"2021-10-05 05:07:56","2021-10-05 05:07:56",,66,1,,,,,,,0,0,0,,,
6142,,A W Accountants,"",August,July,"","","","0010Y00001Nd6WU",1,106,1,69,158,"2018-04-12 00:00:00","2019-03-11 00:00:00",,1,1,"",2,"","0010Y00001Nd6WUQAZ",#6142#,,0,0,0,,,
71025,,A w clínica,,January,December,Awasethetcis,,,,1,200,1,205,205,"2024-07-10 13:11:03","2024-07-10 13:11:03",,98,1,,5020,,,,,0,0,0,,,
16734,,A W Ennis Milling,"",October,September,www.awennis.ie,"",,,1,106,1,,,"2021-10-05 05:06:17","2021-10-05 05:06:17",,6,1,,,,,,,0,0,0,,,
66843,,A-CEKINI,,January,December,https://ctb.gr/blog/item/idravlikes-egkatastaseis-agios-nikolaos-cekini/,,,,1,86,1,205,205,"2024-01-21 19:39:37","2024-01-21 19:39:37",,98,1,,5020,,,,,0,0,0,,,
42866,,A-Devine and Son,"",October,September,www.adevineguttering.ie,"",,,1,106,1,,,"2021-10-05 05:16:17","2021-10-05 05:16:17",,48,1,,,,,,,0,0,0,,,
21605,,a-ETR: Lift Truck Sales Limited,"",October,September,www.lifttrucks.ie,"",,,1,106,1,,,"2021-10-05 05:07:21","2021-10-05 05:07:21",,14,1,,,,,,,0,0,0,,,
69483,,A-MORE YACHTS Ltd,,January,December,www.more-yachts.hr,,,,1,55,1,205,205,"2024-05-28 10:48:08","2024-05-28 10:48:08",,98,1,,5020,,,,,0,0,0,,,
22363,,A-Secure Solutions Ltd,"",October,September,"","",,,1,106,1,,,"2021-10-05 05:07:31","2021-10-05 05:07:31",,137,1,,,,,,,0,0,0,,,
56133,,A-SHIPS MANAGEMENT SA,"",July,June,"","","",,,86,1,216,216,"2022-07-18 07:47:57","2022-07-18 07:47:57",,126,1,,,,,,,0,80160,0,,,
30657,,A-Team Carpet Cleaning,"",October,September,http://www.a-teamcleaning.com,"",,,1,106,1,,,"2021-10-05 05:10:58","2021-10-05 05:10:58",,26,1,,,,,,,0,0,0,,,
25644,,A-techSYN Ltd,"",October,September,"","",,,1,106,1,,,"2021-10-05 05:09:51","2021-10-05 05:09:51",,138,1,,,,,,,0,0,0,,,
59885,,A-Z Consultancy,,January,December,"",,,,7,106,1,205,205,"2022-09-23 15:57:53","2022-09-23 15:57:53",,64,1,,475,,,,,0,0,0,,,
3748,,"A,N, O'Neill","",August,July,"","4850125W","","",1,106,1,1,1,"2021-08-18 12:46:30","2021-08-18 12:46:30",,1,1,"A,N, O'Neill",2,"","20180914006192",#3748#,,0,0,0,,,
43463,,A.,"",October,September,"","",,,1,106,1,,,"2021-10-05 05:16:25","2021-10-05 05:16:25",,98,1,,,,,,,0,0,0,,,
55417,,A. Blue Danube Romania,"",January,December,"","","",,1,179,1,205,205,"2022-01-19 16:40:53","2022-01-19 16:49:25",,126,1,Blue Danube Romania,424,,,,,0,0,0,,,
49406,,A. Briese Shipping,"",November,October,"","",,,1,106,1,,,"2021-10-14 00:00:00","2021-10-14 00:00:00",,126,1,,,,,,,0,0,0,,,
4486,,A. Browne Wooden Floors Limited,"",August,July,"",IE214232,"","",1,106,1,1,1,"2021-08-18 12:46:40","2021-08-18 12:46:40",,1,1,A. Browne Wooden Floors Limited,2,"","20200210007328",#4486#,,0,0,0,,,
53245,,A. Browne Wooden Floors Ltd,"",,,"",IE214232,"","0011v00002Vcy3P",,106,1,73,449,"2020-02-10 00:00:00","2021-04-08 00:00:00",,,1,"",,"",,,,0,0,0,,,
49490,,A. CARB,"",February,January,"","","",,1,214,1,,741,"2021-11-10 00:00:00","2023-02-24 13:32:35",,123,1,,,,,,,0,74504,0,,,
55304,,A. Crown Express Shipping LLC,"",November,October,"","",,,1,106,1,,,"2021-11-27 18:00:59","2021-11-27 18:00:59",,126,1,,,,,,,0,0,0,,,
49498,,A. ES Rainbow,"",November,October,"","",,,1,106,1,,,"2021-11-12 00:00:00","2021-12-07 11:43:51",,98,1,,,,,,,0,74925,0,,,
5169,,A. Horton Limited,A. Horton,August,July,"",IE013982,"","",1,106,1,1,1,"2021-08-18 12:46:48","2021-08-18 12:46:48",,1,1,A. Horton Limited,2,"","20210312008053",#5169#,,0,0,0,,,
64841,,A. I. S Nigerian limited,,January,December,anwaribrahim146.carrd.co,,,,1,159,1,205,205,"2023-10-10 14:06:01","2023-10-10 14:06:01",,98,1,,5020,,,,,0,0,0,,,
67016,,A. M KAWU GLOBAL ENTERPRISES,,January,December,Amk,,,,1,159,1,205,205,"2024-01-30 11:51:44","2024-01-30 11:51:44",,98,1,,5020,,,,,0,0,0,,,
48443,,A. M. Dunne & Son Limited,"",March,September,"",IE026106,"","0010Y00000AlCrT",1,106,1,134,158,"2016-12-22 00:00:00","2019-02-26 00:00:00",,147,1,"",,"",,,,0,72874,0,,,
43372,,A. MR Tanker,"",October,September,"","",,,1,106,1,,,"2021-10-05 05:16:24","2021-10-05 05:16:24",,126,1,,,,,,,0,0,0,,,
28599,,A. S. E. A. Moumtzis A.G.,"",October,September,www.asea.gr,"",,,1,86,1,,,"2021-10-05 05:10:31","2021-10-05 05:10:31",,47,1,,,,,,,0,0,0,,,
61045,,A.B 2 Energy ltd,"",January,December,"","","",,1,108,1,205,763,"2022-12-02 08:28:53","2023-01-11 15:44:58",,470,1,,5020,,,,,0,0,0,,,
39881,,A.B. Group Packaging Ireland Limited,"",October,September,"",IE110999,,,1,106,1,,,"2021-10-05 05:13:59","2021-10-05 05:13:59",,98,1,,,,,,,0,0,0,,,
55158,,A.C Forde & Co,"",,,www.acforde.com,"","","0011v00002TWwyh",,106,1,192,192,"2020-01-10 00:00:00","2020-01-21 00:00:00",,,1,"",,"",,,,0,0,0,,,
56134,,A.C. MARINE,"",July,June,"","","",,,86,1,216,216,"2022-07-18 07:53:20","2022-07-18 07:53:20",,126,1,,,,,,,0,80163,0,,,
3267,,A.C.P. (Advanced Construction Products) Limited,"",August,July,"",IE288272,"","",1,106,1,1,1,"2021-08-18 12:46:23","2021-08-18 12:46:23",,1,1,A.C.P. (Advanced Construction Products) Limited,2,"","20180509005510",#3267#,,0,0,0,,,
28587,,A.D.K. Aronis - Drettas - Karlaftis Consulting Engineers S.A.,"",October,September,www.adk.net,"",,,1,86,1,,,"2021-10-05 05:10:30","2021-10-05 05:10:30",,13,1,,,,,,,0,0,0,,,
29044,,A.Dabler S.A. Ilektrologikou Ylikou & Plastikon Eidon,"",October,September,www.dabler.gr,"",,,1,86,1,,,"2021-10-05 05:10:36","2021-10-05 05:10:36",,61,1,,,,,,,0,0,0,,,
27634,,A.E.No.L. S.A.,"",October,September,www.aenol.gr,"",,,1,86,1,,,"2021-10-05 05:10:18","2021-10-05 05:10:18",,98,1,,,,,,,0,0,0,,,
2641,,A.F. White Limited,"",August,July,"","756698","","",1,233,1,1,1,"2021-08-18 12:46:15","2021-08-18 12:46:15",,1,1,A.F. White Limited,2,"","20170524004141",#2641#,,0,0,0,,,
31704,,A.G.S. Financial Services,"",October,September,"","",,,1,106,1,,,"2021-10-05 05:11:12","2021-10-05 05:11:12",,,1,,,,,,,0,0,0,,,
24569,,A.I.C Plastics Pallets Limited,"",October,September,"","",,,1,106,1,,,"2021-10-05 05:09:37","2021-10-05 05:09:37",,89,1,,,,,,,0,0,0,,,
65366,,A.I.S Nigerian limited,,January,December,"",,,,1,159,1,205,205,"2023-11-16 15:20:44","2023-11-16 15:20:44",,98,1,,5020,,,,,0,0,0,,,
56135,,A.M. SHIPBUILDING IKE,"",July,June,"","","",,,86,1,216,216,"2022-07-18 07:57:28","2022-07-18 07:57:28",,126,1,,,,,,,0,80166,0,,,
40032,,A.O.C. Services Limited,"",October,September,"",IE103107,,,1,106,1,,,"2021-10-05 05:14:01","2021-10-05 05:14:01",,98,1,,,,,,,0,0,0,,,
56136,,A.P. & A. LTD - GREECE,"",July,June,"","","",,,86,1,216,216,"2022-07-18 08:09:22","2022-07-18 08:09:22",,126,1,,,,,,,0,80169,0,,,
28555,,A.P. Recycling S.A.,"",October,September,www.ap-recycling.gr,"",,,1,86,1,,,"2021-10-05 05:10:30","2021-10-05 05:10:30",,146,1,,,,,,,0,0,0,,,
27095,,A.P.M. Transport - Logistiks S.A..,"",October,September,www.apmtransport.com,"",,,1,86,1,,,"2021-10-05 05:10:11","2021-10-05 05:10:11",,70,1,,,,,,,0,0,0,,,
43855,,A.R.I. Services Europe Limited t/a Arise,"",October,September,www.arise-europe.com,"",,,1,106,1,,,"2021-10-05 05:16:31","2021-10-05 05:16:31",,83,1,,,,,,,0,0,0,,,
56137,,A.S. MARINE LTD,"",July,June,"","","",,,86,1,216,216,"2022-07-18 08:18:24","2022-07-18 08:18:25",,126,1,,,,,,,0,80172,0,,,
5279,,A.S.A. Merchandising Limited,"",August,July,http://www.asamarketing.ie,IE105513,IE 4698304D,"0010Y00000AlCrUQAV",1,106,1,1,1,"2021-08-18 12:46:50","2022-12-06 14:12:00",,1,1,A.S.A. Merchandising Limited,2,"","11502000244",#5279#,,0,88818,0,,,
5626,,A.S.A. Merchandising Limited,"",August,July,www.asamarketing.ie,"","","0010Y00000AlCrU",1,106,1,134,158,"2016-12-22 00:00:00","2021-12-23 16:10:14",,1,1,"",2,"","11502000244",#5626#,"2021-12-23 16:10:14",0,0,0,,,
59715,,A.S.D. Financial Consultants S.A.,,January,December,http://asd-sa.gr/,,,,7,86,1,205,205,"2022-09-16 12:33:34","2022-09-16 12:33:34",,64,1,,475,,,,,0,0,0,,,
31705,,A.T. Diamond & Co.,"",October,September,"","",,,1,106,1,,,"2021-10-05 05:11:12","2021-10-05 05:11:12",,,1,,,,,,,0,0,0,,,
4491,,A.T.T Flooring,"",August,July,"","406291","","0011v00002Vd0kX",1,106,1,73,449,"2020-02-10 00:00:00","2021-04-08 00:00:00",,1,1,"",2,"","20200210007332",#4491#,,0,0,0,,,
27135,,A.T.T.P. S.A.,"",October,September,www.attp.gr,"",,,1,86,1,,,"2021-10-05 05:10:11","2021-10-05 05:10:11",,4,1,,,,,,,0,0,0,,,
33168,,A.T.UNIFORM LIMITED,"",October,September,"","",,,1,106,1,,,"2021-10-05 05:11:33","2021-10-05 05:11:33",,98,1,,,,,,,0,0,0,,,
60168,,A/T Capital Management Limited,,January,December,http://atcapital.ae/,,,,7,106,1,205,205,"2022-09-23 15:58:01","2022-09-23 15:58:01",,64,1,,475,,,,,0,0,0,,,
2412,,A&A Eco Products,"",August,July,"",Tin no: 07800453313,"","",1,102,1,1,1,"2021-08-18 12:46:12","2021-08-18 12:46:12",,1,3,A&A Eco Products,2,"","20170227003830",#2412#,,0,0,0,,,
16437,,A&A Engineering Company Limited,"",October,September,www.aaengineering.ie,"",,,1,106,1,,,"2021-10-05 05:06:13","2021-10-05 05:06:13",,96,1,,,,,,,0,0,0,,,
39064,,A&A Trading,"",October,September,"","",,,1,106,1,,,"2021-10-05 05:13:47","2021-10-05 05:13:47",,126,1,,,,,,,0,0,0,,,
63446,,A&A Trading,"",July,June,"","","",,,237,1,779,779,"2023-07-07 11:42:17","2023-07-07 11:42:17",,98,2,,,,,,,0,94351,0,,,
70556,,A&B Groceries,,January,December,"",,,,1,235,1,205,205,"2024-06-27 05:30:34","2024-06-27 05:30:34",,98,1,,5020,,,,,0,0,0,,,
60441,,A&C Auditing and Consulting Co,,January,December,"",,,,7,243,1,205,741,"2022-09-28 13:21:56","2022-09-28 13:21:56",,64,1,,475,,,,,0,0,0,,,
55940,,A&G Global Financing,A&G Consulting,May,April,http://www.aggfin.com,"","",,,227,1,140,140,"2022-05-11 10:23:50","2022-05-11 10:23:50",,64,1,,478,,,,,0,79071,0,,,
67659,,A&G PIPES and Plastics Limited,,January,December,Na,,,,1,84,1,205,205,"2024-03-06 08:15:57","2024-03-06 08:15:57",,98,1,,5020,,,,,0,0,0,,,
56132,,A&K Shipbrokers,"",November,October,"","","",,,86,1,216,741,"2022-07-18 07:41:18","2022-11-09 11:32:16",,123,1,,,,,,,0,80157,0,,,
54692,,A&L Goodbody,"",,,www.algoodbody-com,"","","0011v00002RN0Jl",,106,1,192,192,"2019-12-12 00:00:00","2019-12-12 00:00:00",,,1,"",,"",,,,0,0,0,,,
7148,8,A&L Goodbody Consulting Limited,"",August,July,"",IE341928,"","",1,106,1,1,1,"2021-08-18 12:47:34","2021-08-18 12:47:34",,1,1,A&L Goodbody Consulting Limited,2,"","20160407000755",#8#7148#,,0,0,0,,,
24869,,A&M Belting Company Limited,"",October,September,"","",,,1,106,1,,,"2021-10-05 05:09:41","2021-10-05 05:09:41",,89,1,,,,,,,0,0,0,,,
3825,,A&M Commercials,"",August,July,"","357539","","0011v00001oRVAu",1,106,1,71,158,"2018-10-18 00:00:00","2019-02-22 00:00:00",,1,1,"",2,"","20181018006531",#3825#,,0,0,0,,,
16736,,A&M Commercials Ireland Limited,"",October,September,www.amcommercials.com,"",,,1,106,1,,,"2021-10-05 05:06:17","2021-10-05 05:06:17",,14,1,,,,,,,0,0,0,,,
41071,,A&O IT,"",October,September,aoitgroup.co.uk,"",,,1,106,1,,,"2021-10-05 05:14:16","2021-10-05 05:14:16",,,1,,,,,,,0,0,0,,,
42699,,A&S Fibreglass,"",October,September,www.fearonfibreglass.com,"",,,1,106,1,,,"2021-10-05 05:16:14","2021-10-05 05:16:14",,120,1,,,,,,,0,0,0,,,
54699,,A&V ? Gas SA,"",,,"",NIPT: K92223503O,"","0011v000030P9Rf",,2,1,69,69,"2021-06-01 00:00:00","2022-04-19 12:47:39",,,1,"",,"",,,,0,78761,0,,,
63531,,A1,,January,December,NOT DONE,,,,1,185,1,205,205,"2023-07-10 10:34:43","2023-07-17 13:34:07",,98,1,,5020,,,,,0,94926,0,,,
28454,,A1 CARRIER EXPRESS APS,"",October,September,"","",,,1,106,1,,,"2021-10-05 05:10:29","2021-10-05 05:10:29",,126,1,,,,,,,0,0,0,,,
42178,,A1 Direct Oil Co,"",October,September,http://www.eurooil.ie,"",,,1,106,1,,,"2021-10-05 05:14:30","2021-10-05 05:14:30",,86,1,,,,,,,0,0,0,,,
68250,,A1 ENERGY SDN. BHD.,,January,December,www.a1energy.com.my,,,,1,132,1,205,205,"2024-03-28 04:41:38","2024-03-28 04:41:38",,98,1,,5020,,,,,0,0,0,,,
66182,,A1 international sarl,,January,December,A1 international sarl,,,,1,234,1,205,205,"2023-12-19 11:45:59","2023-12-19 11:45:59",,98,1,,5020,,,,,0,0,0,,,
17224,,A1 Locks Ltd,"",October,September,http://www.expertsecurity.ie,"",,,1,106,1,,,"2021-10-05 05:06:24","2021-10-05 05:06:24",,89,1,,,,,,,0,0,0,,,
31706,,A1 Mortgages,"",October,September,"","",,,1,106,1,,,"2021-10-05 05:11:12","2021-10-05 05:11:12",,3,1,,,,,,,0,0,0,,,
63860,,A1 Naglabusan Farming Cooperative,,January,December,NA,,,,1,237,1,205,205,"2023-08-04 02:25:10","2023-08-04 02:25:10",,98,1,,5020,,,,,0,0,0,,,
25584,,A1 Packaging Supplies,"",October,September,"","",,,1,106,1,,,"2021-10-05 05:09:50","2021-10-05 05:09:50",,70,1,,,,,,,0,0,0,,,
69136,,A1 Sounds,,January,December,https://a1sound.co.za/,,,,1,122,1,205,205,"2024-05-09 21:05:31","2024-05-09 21:05:31",,98,1,,5020,,,,,0,0,0,,,
2925,,A1 Telekom Austria Aktiengesellschaft,A1 Telekom,August,July,"",AT05153360,"","",1,14,1,1,1,"2021-08-18 12:46:19","2021-08-18 12:46:19",,1,1,A1 Telekom Austria Aktiengesellschaft,2,"","20180110004642",#2925#,,0,0,0,,,
4959,,A1 Tiles,"",August,July,"",IE361377,"","0011v00002Y9KYn",1,106,1,73,73,"2020-03-25 00:00:00","2020-03-25 00:00:00",,1,1,"",2,"","20200325007830",#4959#,,0,0,0,,,
21295,,A1 Tooling Supplies,"",October,September,"","",,,1,106,1,,,"2021-10-05 05:07:17","2021-10-05 05:07:17",,46,1,,,,,,,0,0,0,,,
40156,,A1 Tradesman,"",October,September,"","",,,1,106,1,,,"2021-10-05 05:14:03","2021-10-05 05:14:03",,,1,,,,,,,0,0,0,,,
5460,,A1 Tradesmen Limited,A1Tradesmen Ltd,August,July,www.a1tradesmen.ie,IE568333,"3382286LH","0010Y00001NgdBJ",1,106,1,163,158,"2018-04-19 00:00:00","2022-12-07 09:53:10",,1,1,"",2,"","11805001277",#5460#,,0,88966,0,,,
46268,,A1 Tradesmen Ltd,"",October,September,"","",,,1,106,1,,,"2021-10-05 05:17:04","2021-12-23 16:12:20",,45,1,,,,,,"2021-12-23 16:12:20",0,0,0,,,
56138,,A1 YACHT TRADE CONSORTIUM SA,"",July,June,"","","",,,86,1,216,216,"2022-07-18 08:23:05","2022-07-18 08:23:05",,126,1,,,,,,,0,80175,0,,,
35625,,A2B Online,"",October,September,"","",,,1,106,1,,,"2021-10-05 05:13:01","2021-10-05 05:13:01",,126,1,,,,,,,0,0,0,,,
28486,,A2B-ONLINE 1 BV,"",October,September,"","",,,1,106,1,,,"2021-10-05 05:10:29","2021-10-05 05:10:29",,126,1,,,,,,,0,0,0,,,
58072,,A2B-online Ship Management BV,,January,December,"",,,,1,154,1,205,205,"2022-08-31 12:21:04","2022-08-31 12:21:04",,126,1,,5020,,,,,0,0,0,,,
62810,,A2L Capital,,January,December,"",,,,1,214,1,205,205,"2023-05-17 00:42:42","2023-05-17 00:42:42",,98,1,,5020,,,,,0,0,0,,,
64070,,A2L Capital L.L.C,,January,December,"",,,,1,234,1,205,205,"2023-08-17 02:31:50","2023-08-17 02:31:50",,98,1,,5020,,,,,0,0,0,,,
60711,,A2n3,"",October,September,"","","",,7,86,1,205,760,"2022-10-06 05:16:40","2022-10-21 10:18:49",,64,1,,475,,,,,0,0,0,,,
30803,,A2Z Facility Services Limited,"",October,September,http://www.a2zcleaners.com,"",,,1,106,1,,,"2021-10-05 05:11:00","2021-10-05 05:11:00",,45,1,,,,,,,0,0,0,,,
31707,,"A2Z Mortgages, CU","",October,September,"","",,,1,106,1,,,"2021-10-05 05:11:12","2021-10-05 05:11:12",,,1,,,,,,,0,0,0,,,
3773,,A2Z Recovery,"",August,July,"","5880066M","","",1,106,1,1,1,"2021-08-18 12:46:30","2021-08-18 12:46:30",,1,1,A2Z Recovery,2,"","20181001006227",#3773#,,0,0,0,,,
53552,,A2Z Wholesale Limited,"",,,"","12552016",GB347128987,"0011v00002qMSeK",,233,1,199,449,"2020-11-18 00:00:00","2021-04-08 00:00:00",,,1,"",,"",,,,0,0,0,,,
64465,,aa,,January,December,"",,,,1,234,1,205,205,"2023-09-17 11:54:04","2023-09-18 09:08:12",,98,1,,5020,,,,,0,96541,0,,,
30843,,AA Archer,"",October,September,http://www.cleancork.ie,"",,,1,106,1,,,"2021-10-05 05:11:01","2021-10-05 05:11:01",,26,1,,,,,,,0,0,0,,,
64241,,AA Bon-Port,,January,December,"",,,,1,120,1,205,205,"2023-08-30 12:05:12","2023-08-31 07:27:14",,98,1,,5020,,,,,0,95992,0,,,
64245,,AA Bon-Port,"",August,July,"","","",,,120,1,139,139,"2023-08-31 07:25:23","2023-08-31 07:25:23",,98,1,,,,,,,0,95990,0,,,
70259,,AA Commercial Group FZ LLC,,January,December,AA Commercial Group FZ LLC,,,,1,237,1,205,205,"2024-06-19 17:53:57","2024-06-19 17:53:57",,98,1,,5020,,,,,0,0,0,,,
18841,,AA Door Specialists,"",October,September,www.aadoors.ie,"",,,1,106,1,,,"2021-10-05 05:06:44","2021-10-05 05:06:44",,96,1,,,,,,,0,0,0,,,
29509,,AA Shipping,"",October,September,"","",,,1,106,1,,,"2021-10-05 05:10:42","2021-10-05 05:10:42",,126,1,,,,,,,0,0,0,,,
30570,,AA Telecom,"",October,September,"","",,,1,106,1,,,"2021-10-05 05:10:57","2021-10-05 05:10:57",,83,1,,,,,,,0,0,0,,,
70124,,AA Traders,,January,December,"",,,,1,166,1,205,205,"2024-06-16 17:25:09","2024-06-16 17:25:09",,98,1,,5020,,,,,0,0,0,,,
63372,,Aaa,"",July,June,"","","",,1,105,1,205,779,"2023-07-03 19:09:22","2023-07-12 15:52:12",,98,1,,5020,,,,,0,94662,0,,,
60450,,AAA FInancial Advisor,,January,December,"",,,,7,235,1,205,741,"2022-09-28 13:21:56","2022-09-28 13:21:56",,64,1,,475,,,,,0,0,0,,,
1780,,Aaa Talent,"",August,July,"",HRB 161412,"","",1,83,1,1,1,"2021-08-18 12:46:03","2021-08-18 12:46:03",,1,1,Aaa Talent,2,"","20160527002588",#1780#,,0,0,0,,,
19711,,AAA U Store IT,"",October,September,http://www.ustoreit.ie,"",,,1,106,1,,,"2021-10-05 05:06:55","2021-10-05 05:06:55",,26,1,,,,,,,0,0,0,,,
70280,,AAAAAAAAAAAAAAAAAAAAA,,January,December,"",,,,1,106,1,205,205,"2024-06-20 09:29:19","2024-06-20 09:29:19",,98,1,,5020,,,,,0,0,0,,,
16738,,Aabspec International Limited,"",October,September,"","",,,1,106,1,,,"2021-10-05 05:06:17","2021-10-05 05:06:17",,61,1,,,,,,,0,0,0,,,
64873,,Aabuhay Marketing Company,"",October,September,"","","",,1,17,1,205,205,"2023-10-12 09:46:52","2023-10-12 15:33:26",,98,1,,5020,,,,,0,0,0,,,
53855,,AAC Spectrum Limited,"",,,"","3829846","","0011v00001ldjIF",,106,1,150,449,"2018-10-02 00:00:00","2021-04-08 00:00:00",,,1,"",,"",,,,0,0,0,,,
62827,,"AAD Investment, Trading",,January,December,"",,,,1,66,1,205,205,"2023-05-18 09:29:00","2023-05-18 09:29:00",,98,1,,5020,,,,,0,0,0,,,
66901,,AAG Solutions,,January,December,www.aagsolutions.co.in,,,,1,102,1,205,205,"2024-01-25 06:19:32","2024-01-25 06:19:32",,98,1,,5020,,,,,0,0,0,,,
47868,,Aage Hempel Group,"",October,September,"","",,,1,106,1,,,"2021-10-05 05:17:26","2021-10-05 05:17:26",,126,1,,,,,,,0,0,0,,,
38617,,Aagesen and Partners,"",October,September,"","",,,1,106,1,,,"2021-10-05 05:13:41","2021-10-05 05:13:41",,126,1,,,,,,,0,0,0,,,
47938,,Aah Europe Hose Company Limited,"",October,September,"",IE597508,"","0011v00002Pv6nG",1,106,1,199,199,"2019-11-25 00:00:00","2019-11-26 00:00:00",,126,1,"",,"",,,,0,0,0,,,
68745,,Aahva Company Limited,"",April,March,"","","",,,159,1,80,80,"2024-04-22 11:32:52","2024-04-22 11:33:21",,98,3,,,,,,,0,104588,0,,,
31025,,AAirex,"",October,September,http://www.aairexenvironmental.com,"",,,1,106,1,,,"2021-10-05 05:11:03","2021-10-05 05:11:03",,89,1,,,,,,,0,0,0,,,
16740,,Aairex Environmental,"",October,September,www.aairexenvironmental.com,"",,,1,106,1,,,"2021-10-05 05:06:17","2021-10-05 05:06:17",,48,1,,,,,,,0,0,0,,,
62795,,Aala Imam Balfaoih Foodstuff Trading Company Limited,"",May,April,"","","",,1,185,1,205,205,"2023-05-15 22:32:43","2023-05-23 09:20:12",,98,1,,5020,,,,,0,0,0,,,
62699,,AALA IMAM BALFAQIH FOODSTUFF TRADING COMPANY,,January,December,www.aalaimambalfaqih.com,,,,1,185,1,205,205,"2023-05-06 08:09:37","2023-05-06 08:09:37",,98,1,,5020,,,,,0,0,0,,,
44302,,Aalborg Amusements,"",October,September,"","",,,1,106,1,,,"2021-10-05 05:16:37","2021-10-05 05:16:37",,88,1,,,,,,,0,0,0,,,
29566,,AALDERDIJK NAVIGATION LTD,"",October,September,"","",,,1,106,1,,,"2021-10-05 05:10:43","2021-10-05 05:10:43",,126,1,,,,,,,0,0,0,,,
16438,,Aalto Bio Reagents Limited,"",October,September,www.aaltobioreagents.ie,"",,,1,106,1,,,"2021-10-05 05:06:13","2021-10-05 05:06:13",,106,1,,,,,,,0,0,0,,,
45454,,Aalto Bio Reagents Ltd,"",October,September,http://www.aaltobioreagents.ie,"",,,1,106,1,,,"2021-10-05 05:16:52","2021-10-05 05:16:52",,106,1,,,,,,,0,0,0,,,
28144,,Aalto Shipping Company,"",October,September,"","",,,1,106,1,,,"2021-10-05 05:10:25","2021-10-05 05:10:25",,70,1,,,,,,,0,0,0,,,
39359,,Aannemingsbedrijk K Krul & Zon,"",October,September,"","",,,1,106,1,,,"2021-10-05 05:13:51","2021-10-05 05:13:51",,123,1,,,,,,,0,0,0,,,
53945,,AAP Saab Limited,"",,,"","11798034","","0011v00002ld6yJ",,32,1,73,449,"2020-09-01 00:00:00","2021-04-08 00:00:00",,,1,"",,"",,,,0,0,0,,,
63711,,Aapc,,January,December,Aapc,,,,1,71,1,205,205,"2023-07-14 14:21:28","2023-07-14 14:21:28",,98,1,,5020,,,,,0,0,0,,,
65239,,AAPlanet LLC,,January,December,https://www.linkedin.com/in/aly-mohamed-68a049193?,,,,1,138,1,205,205,"2023-11-05 23:53:21","2023-11-05 23:53:21",,98,1,,5020,,,,,0,0,0,,,
66932,,AAR Consultancy,"",January,December,https://aarconsultancy.com,"","",,,106,1,763,763,"2024-01-27 09:55:28","2024-01-27 10:11:41",,3,1,,,,,,,0,101189,0,,,
39779,,Aaran Insurance Limited,"",October,September,"",IE276283,,,1,106,1,,,"2021-10-05 05:13:58","2021-10-05 05:13:58",,98,1,,,,,,,0,0,0,,,
31708,,Aaran Insurances,"",October,September,"","",,,1,106,1,,,"2021-10-05 05:11:12","2021-10-05 05:11:12",,,1,,,,,,,0,0,0,,,
6023,,Aardvark Accountancy Services,"",August,July,"","","","0010Y00000AlCrV",1,106,1,134,218,"2016-12-22 00:00:00","2021-04-07 00:00:00",,1,1,"",2,"","0010Y00000AlCrVQAV",#6023#,,0,72875,0,,,
24474,,aardvark electrical,"",October,September,"","",,,1,106,1,,,"2021-10-05 05:09:35","2021-10-05 05:09:35",,,1,,,,,,,0,0,0,,,
28456,,AARHUS HAVN,"",October,September,"","",,,1,106,1,,,"2021-10-05 05:10:29","2021-10-05 05:10:29",,126,1,,,,,,,0,0,0,,,
42279,,Aarmour Pak Limited,"",October,September,"","",,,1,106,1,,,"2021-10-05 05:14:31","2021-10-05 05:14:31",,110,1,,,,,,,0,0,0,,,
45505,,Aarmour Pak Ltd,"",October,September,"","",,,1,106,1,,,"2021-10-05 05:16:53","2021-10-05 05:16:53",,89,1,,,,,,,0,0,0,,,
5627,,Aaron Mc Groarty,"",August,July,"","","","0010Y00000VBDkp",1,106,1,158,158,"2017-06-30 00:00:00","2018-12-14 00:00:00",,1,1,"",2,"",A0007,#5627#,,0,0,0,,,
66762,,Aaron Otuo-Acheampong,"",January,December,"","","",,,159,1,80,80,"2024-01-15 14:02:03","2024-01-15 14:02:03",,98,3,,,,,,,0,100845,0,,,
44336,,Aaron Packaging,"",October,September,"","",,,1,106,1,,,"2021-10-05 05:16:37","2021-10-05 05:16:37",,89,1,,,,,,,0,0,0,,,
16931,,Aaron Value Adding Services Limited,"",October,September,www.aaronpcb.com,"",,,1,106,1,,,"2021-10-05 05:06:20","2021-10-05 05:06:20",,57,1,,,,,,,0,0,0,,,
67384,,Aaron's firm,,January,December,https://www.facebook.com/profile.php?id=100083831059817,,,,1,159,1,205,205,"2024-02-22 13:27:40","2024-02-22 13:27:40",,98,1,,5020,,,,,0,0,0,,,
62312,,Aart De Boer SRL,"",April,March,http://aartdeboer-x.com,"","",,1,109,1,205,216,"2023-04-10 21:05:35","2023-04-11 09:26:08",,63,1,,5020,,,,,0,0,0,,,
38658,,AAS Kystservice,"",October,September,"","",,,1,106,1,,,"2021-10-05 05:13:42","2021-10-05 05:13:42",,126,1,,,,,,,0,0,0,,,
28258,,Aasen Shipping,"",October,September,"","",,,1,106,1,,,"2021-10-05 05:10:26","2021-10-05 05:10:26",,70,1,,,,,,,0,0,0,,,
38695,,Aasly Shipping,"",October,September,"","",,,1,106,1,,,"2021-10-05 05:13:42","2021-10-05 05:13:42",,126,1,,,,,,,0,0,0,,,
55496,,Aasly Shipping A/S,"",November,October,"","","",,1,164,1,205,763,"2022-02-17 14:20:20","2022-11-29 08:57:31",,126,1,Wilhelm Butler,424,,,,,0,0,0,,,
47816,,aass,"",October,September,"","",,,1,106,1,,,"2021-10-05 05:17:25","2021-10-05 05:17:25",,81,1,,,,,,,0,0,0,,,
68203,,Aastha Foodstuff international Free Zone Establishment,"",April,March,https://www.aasthauae.com/,"","",,1,237,1,205,829,"2024-03-25 19:11:11","2024-04-08 07:23:48",,414,1,,5020,,,,,0,0,0,,,
61660,,AAVP Business Management Private Limited,"",February,January,"","","",,,102,1,741,768,"2023-02-14 11:53:53","2023-02-15 16:24:25",,64,1,,,,,,,0,90445,0,,,
53678,,AAW Limited,"",December,,"",IE426564,"","0010Y000012yJus",,106,1,163,163,"2018-01-04 00:00:00","2018-01-04 00:00:00",,,1,"",,"",,,,0,0,0,,,
64249,,Aazakart,"",September,August,"","","",,,102,1,139,139,"2023-09-01 06:13:17","2023-09-01 06:13:17",,98,1,,,,,,,0,96008,0,,,
66472,,Aazan General Trading FZ LLC,"",January,December,"","","",,1,237,1,205,205,"2024-01-02 19:46:31","2024-01-24 17:09:11",,98,3,,5020,,,,,0,0,0,,,
56139,,AB FELIX LTD,"",July,June,"","","",,,86,1,216,216,"2022-07-18 08:38:08","2022-07-18 08:38:08",,126,1,,,,,,,0,80178,0,,,
56140,,AB FELIX LTD,"",July,June,"","","",,,86,1,216,216,"2022-07-18 08:44:44","2022-07-18 08:44:44",,126,1,,,,,,,0,80180,0,,,
18843,,AB Group Packaging Ireland Ltd,"",October,September,http://www.abgrouppackaging.com,"",,,1,106,1,,,"2021-10-05 05:06:44","2021-10-05 05:06:44",,89,1,,,,,,,0,0,0,,,
23242,,AB InBev,"",October,September,"","","","0011v000030P1Zs",1,106,1,69,69,"2021-06-01 00:00:00","2021-06-01 00:00:00",,19,1,"",,"",,,,0,0,0,,,
21615,,AB Jordan Solicitors,"",October,September,http://www.abjordan.ie,"",,,1,106,1,,,"2021-10-05 05:07:21","2021-10-05 05:07:21",,85,1,,,,,,,0,0,0,,,
35197,,AB Maritime,"",October,September,"","",,,1,106,1,,,"2021-10-05 05:12:55","2021-10-05 05:12:55",,126,1,,,,,,,0,0,0,,,
56141,,AB MARITIME INC (SHIPPING AGENTS),"",July,June,"","","",,,86,1,216,216,"2022-07-18 09:11:35","2022-07-18 09:11:36",,126,1,,,,,,,0,80184,0,,,
56142,,AB MARITIME INC (SHIPPING AGENTS),"",July,June,"","","",,,86,1,216,216,"2022-07-18 09:13:56","2022-07-18 09:13:56",,126,1,,,,,,,0,80186,0,,,
16933,,AB Oils,"",October,September,"","",,,1,106,1,,,"2021-10-05 05:06:20","2021-10-05 05:06:20",,86,1,,,,,,,0,0,0,,,
2021,,Ab Power Systems Limited,"",August,July,"",IE158279,"","",1,106,1,1,1,"2021-08-18 12:46:07","2021-08-18 12:46:07",,1,1,Ab Power Systems Limited,2,"","20160811003089",#2021#,,0,0,0,,,
16132,,AB Power Systems Ltd,"",October,September,http://www.abpowersystems.ie,"",,,1,106,1,,,"2021-10-05 05:06:09","2021-10-05 05:06:09",,89,1,,,,,,,0,0,0,,,
18845,,AB Sales,"",October,September,www.absales.ie,"",,,1,106,1,,,"2021-10-05 05:06:44","2021-10-05 05:06:44",,89,1,,,,,,,0,0,0,,,
2092,,Ab Sciex Ireland Limited,AB Sciex Ireland Limited,August,July,"",IE475243,"","",1,106,1,1,1,"2021-08-18 12:46:08","2021-08-18 12:46:08",,1,1,Ab Sciex Ireland Limited,2,"","20160928003340",#2092#,,0,0,0,,,
39360,,AB Shipbrokers,"",October,September,"","",,,1,106,1,,,"2021-10-05 05:13:51","2021-10-05 05:13:51",,123,1,,,,,,,0,0,0,,,
39485,,AB Shipping Freight Management,"",October,September,"","",,,1,106,1,,,"2021-10-05 05:13:54","2021-10-05 05:13:54",,126,1,,,,,,,0,0,0,,,
44163,,AB Systems,"",October,September,http://www.absystems.ie,"",,,1,106,1,,,"2021-10-05 05:16:35","2021-10-05 05:16:35",,88,1,,,,,,,0,0,0,,,
63368,,AB Whitney & Company,"",July,June,"","","",,1,159,1,205,205,"2023-07-03 10:01:02","2023-07-12 08:30:12",,98,1,,5020,,,,,0,94630,0,,,
48116,,Ab Wood Products Limited,"",October,September,www.abwood.net,IE542745,,,1,106,1,,,"2021-10-05 05:17:30","2021-10-05 05:17:30",,98,1,,,,,,,0,0,0,,,
70488,,Ab.bras soluções Integradas,,January,December,abbras.com,,,,1,30,1,205,205,"2024-06-25 15:41:03","2024-06-25 15:41:03",,98,1,,5020,,,,,0,0,0,,,
60235,,Abacare,,January,December,"",,,,7,46,1,205,741,"2022-09-28 13:21:50","2022-09-28 13:21:50",,64,1,,475,,,,,0,0,0,,,
62259,,Abacon Capital,"",April,March,"","","",,,83,1,763,763,"2023-04-04 08:09:09","2023-04-04 08:09:09",,64,1,,,,,,,0,91856,0,,,
40418,,Abacus & Company Chartered Certified Accountants,"",October,September,"","",,,1,106,1,,,"2021-10-05 05:14:07","2021-10-05 05:14:07",,,1,,,,,,,0,0,0,,,
20503,,Abacus Accounting Services,"",October,September,http://www.abacusaccountingservices.ie,"",,,1,106,1,,,"2021-10-05 05:07:06","2021-10-05 05:07:06",,3,1,,,,,,,0,0,0,,,
27265,,Abacus Auditors S.A.,"",October,September,www.abacusnetwork.gr,"",,,1,86,1,,,"2021-10-05 05:10:13","2021-10-05 05:10:13",,3,1,,,,,,,0,0,0,,,
31709,,Abacus Finance,"",October,September,"","",,,1,106,1,,,"2021-10-05 05:11:12","2021-10-05 05:11:12",,64,1,,,,,,,0,0,0,,,
42934,,Abacus Financial,"",October,September,www.dowlingfinancial.ie,"",,,1,106,1,,,"2021-10-05 05:16:17","2021-10-05 05:16:17",,64,1,,,,,,,0,0,0,,,
60073,,Abacus Financial Consultants,,January,December,"",,,,7,106,1,205,205,"2022-09-23 15:57:58","2022-09-23 15:57:58",,64,1,,475,,,,,0,0,0,,,
1073,,Abacus Fire & Safety Limited,"",August,July,"",IE302182,"","",1,106,1,1,1,"2021-08-18 12:45:53","2021-08-18 12:45:53",,1,1,Abacus Fire & Safety Limited,2,"","20150522000832",#1073#,,0,0,0,,,
16665,,Abacus Fire & Safety Ltd,"",October,September,"","",,,1,106,1,,,"2021-10-05 05:06:16","2021-10-05 05:06:16",,88,1,,,,,,,0,0,0,,,
56143,,ABACUS MARINE CONSULTANTS LTD,"",July,June,"","","",,,86,1,216,216,"2022-07-18 09:29:11","2022-07-18 09:29:11",,126,1,,,,,,,0,80189,0,,,
53585,,Abacus Regency World Ltd,"",,,"","10811348","","0011v00002laaDz",,233,1,199,449,"2020-08-24 00:00:00","2021-04-08 00:00:00",,,1,"",,"",,,,0,0,0,,,
30666,,Abacus Systems Limited,"",October,September,http://www.abacus.ie,IE197244,IE6597244P,"0010Y00001DWQyR",1,106,1,163,158,"2018-03-05 00:00:00","2019-02-26 00:00:00",,,1,"",,"",,,,0,0,0,,,
46240,,Abacus Systems Ltd,"",October,September,http://www.abacus.ie,"",,,1,106,1,,,"2021-10-05 05:17:04","2021-10-05 05:17:04",,116,1,,,,,,,0,0,0,,,
42668,,Abacus Vending,"",October,September,"","",,,1,106,1,,,"2021-10-05 05:16:14","2021-10-05 05:16:14",,65,1,,,,,,,0,0,0,,,
60293,,Abacus Wealth International,,January,December,"",,,,7,173,1,205,741,"2022-09-28 13:21:52","2022-09-28 13:21:52",,64,1,,475,,,,,0,0,0,,,
18553,,ABAK Ltd,"",October,September,http://www.abak.ie,"",,,1,106,1,,,"2021-10-05 05:06:40","2021-10-05 05:06:40",,46,1,,,,,,,0,0,0,,,
64807,,Aban Remittance Ltd,,January,December,abanremit.co.ke,,,,1,115,1,205,205,"2023-10-08 05:45:29","2023-10-08 05:45:29",,98,1,,5020,,,,,0,0,0,,,
64475,,Aban Saving And Credit Cooperative Society Ltd,,January,December,portal.abansacco.co.ke,,,,1,115,1,205,205,"2023-09-18 19:25:11","2023-09-18 19:25:11",,98,1,,5020,,,,,0,0,0,,,
64416,,Aban Savings and Credit Cooperative Society Ltd,,January,December,portal.abansacco.co.ke,,,,1,115,1,205,205,"2023-09-12 18:34:07","2023-09-12 18:34:07",,98,1,,5020,,,,,0,0,0,,,
66574,,Abanca,"",January,December,"","","",,,200,1,770,770,"2024-01-07 05:16:00","2024-01-07 05:16:00",,468,1,,,,,,,0,100468,0,,,
54950,,Abantes Unlimited Company,"",,,"",IE279222,"","0011v000029SS1W",,106,1,73,73,"2019-06-13 00:00:00","2019-06-13 00:00:00",,,1,"",,"",,,,0,0,0,,,
70934,,ABANTHU CONCEPTS FOR DEVELOPMENT,,January,December,www.locomobileapp.com,,,,1,106,1,205,205,"2024-07-08 19:32:02","2024-07-08 19:32:02",,98,1,,5020,,,,,0,0,0,,,
65883,,ABASIKA PETROLEUM NIGERIA LIMITED,,January,December,"PLOT 349C OLU OBASANJO ROAD GRA PHASE II, PORT HARCOURT RIVERS STATE NIGERIA",,,,1,159,1,205,205,"2023-12-09 09:55:47","2023-12-09 09:55:47",,98,1,,5020,,,,,0,0,0,,,
65884,,Abasika Petroleum Nigeria Limited,,January,December,"349C Olu Obasanjo Road GRA Phase II Port Harcourt Rivers State",,,,1,159,1,205,205,"2023-12-09 10:07:08","2023-12-09 10:07:08",,98,1,,5020,,,,,0,0,0,,,
56144,,ABAX LTD,"",July,June,"","","",,,86,1,216,216,"2022-07-18 09:35:39","2022-07-18 09:35:39",,126,1,,,,,,,0,80192,0,,,
6796,739,Abb Limited,"",August,July,"",IE265676,"","",1,106,1,1,1,"2021-08-18 12:47:29","2021-08-18 12:47:29",,1,1,Abb Limited,2,"","20130711000427",#739#6796#,,0,0,0,,,
18847,,ABB Ltd,"",October,September,http://www.abb.com,"",,,1,106,1,,,"2021-10-05 05:06:44","2021-10-05 05:06:44",,89,1,,,,,,,0,0,0,,,
56145,,ABB SA,"",July,June,"","","",,,86,1,216,216,"2022-07-18 10:02:53","2022-07-18 10:02:54",,126,1,,,,,,,0,80195,0,,,
56146,,ABB SA - MARINE & TURBOCHARGING,"",July,June,"","","",,,86,1,216,216,"2022-07-18 10:08:30","2022-07-18 10:08:30",,126,1,,,,,,,0,80198,0,,,
67416,,ABBA GAJI MINING AND EXPORT LIMITED,,January,December,"",,,,1,159,1,205,205,"2024-02-24 13:32:22","2024-02-24 13:32:22",,98,1,,5020,,,,,0,0,0,,,
66511,,abbas,,January,December,"",,,,1,121,1,205,205,"2024-01-04 12:17:09","2024-01-04 12:17:09",,98,1,,5020,,,,,0,0,0,,,
67697,,Abbent Global,,January,December,"",,,,1,106,1,205,205,"2024-03-07 21:58:28","2024-03-07 21:58:28",,98,1,,5020,,,,,0,0,0,,,
55488,,Abbey Autoline,"",February,January,https://www.abbeyautoline.co.uk/,"","",,1,106,1,139,139,"2022-02-16 13:02:07","2022-02-16 13:02:07",,82,1,AbbeyAutoline is a trading name of Abbey Insurance Brokers Limited who are authorised and regulated by the Financial Conduct Authority – 434752,487,,,,,0,0,0,,,
40912,,Abbey Badges,"",October,September,http://www.abbeybadges.ie,"",,,1,106,1,,,"2021-10-05 05:14:14","2021-10-05 05:14:14",,89,1,,,,,,,0,0,0,,,
16934,,Abbey Business & Communications,"",October,September,www.abbeybusiness.ie,"",,,1,106,1,,,"2021-10-05 05:06:20","2021-10-05 05:06:20",,83,1,,,,,,,0,0,0,,,
44717,,Abbey Business & Communications Ltd,"",October,September,"","",,,1,106,1,,,"2021-10-05 05:16:42","2021-10-05 05:16:42",,89,1,,,,,,,0,0,0,,,
22697,,Abbey Coaches,"",October,September,"","",,,1,106,1,,,"2021-10-05 05:07:35","2021-10-05 05:07:35",,70,1,,,,,,,0,0,0,,,
2842,,Abbey Community College,"",August,July,"","76082H","","",1,106,1,1,1,"2021-08-18 12:46:18","2021-08-18 12:46:18",,1,1,Abbey Community College,2,"","20170929004486",#2842#,,0,0,0,,,
2006,,Abbey Court Hotel,"",August,July,"",IE277427,"","",1,106,1,1,1,"2021-08-18 12:46:06","2021-08-18 12:46:06",,1,1,Abbey Court Hotel,2,"","20181207006712",#2006#,,0,0,0,,,
32656,,Abbey Digital,"",October,September,"","",,,1,106,1,,,"2021-10-05 05:11:25","2021-10-05 05:11:25",,,1,,,,,,,0,0,0,,,
48434,,Abbey Digital Limited,"",December,September,"",IE523296,"","0010Y00000AlCrW",1,106,1,134,158,"2016-12-22 00:00:00","2019-02-22 00:00:00",,89,1,"",,"",,,,0,72876,0,,,
20198,,Abbey Electrical,"",October,September,www.abbeylelectricalservices.ie,"",,,1,106,1,,,"2021-10-05 05:07:02","2021-10-05 05:07:02",,55,1,,,,,,,0,0,0,,,
30895,,Abbey Electrical Services,"",October,September,"","",,,1,106,1,,,"2021-10-05 05:11:02","2021-10-05 05:11:02",,55,1,,,,,,,0,0,0,,,
30964,,Abbey Engineering Services Limited,"",October,September,"","",,,1,106,1,,,"2021-10-05 05:11:03","2021-10-05 05:11:03",,89,1,,,,,,,0,0,0,,,
22850,,Abbey Fabrication & Engineering Limited,"",October,September,"","",,,1,106,1,,,"2021-10-05 05:07:37","2021-10-05 05:07:37",,96,1,,,,,,,0,0,0,,,
23834,,Abbey Farm Foods Limited,"",October,September,"","",,,1,106,1,,,"2021-10-05 05:07:50","2021-10-05 05:07:50",,,1,,,,,,,0,0,0,,,
4094,,Abbey Frozen Foods Limited,"",August,July,"",IE194060,"","",1,106,1,1,1,"2021-08-18 12:46:34","2021-08-18 12:46:34",,1,1,Abbey Frozen Foods Limited,2,"","20190513006874",#4094#,,0,0,0,,,
16440,,Abbey Healthcare,"",October,September,www.abbeyhealthcare.ie,"",,,1,106,1,,,"2021-10-05 05:06:13","2021-10-05 05:06:13",,147,1,,,,,,,0,0,0,,,
2403,,Abbey Healthcare Limited,"",August,July,"",IE267243,"","",1,106,1,1,1,"2021-08-18 12:46:12","2021-08-18 12:46:12",,1,1,Abbey Healthcare Limited,2,"","20170203003776",#2403#,,0,0,0,,,
9,,Abbey Hotel,"",August,July,"","","","",1,106,1,1,1,"2021-08-18 12:45:42","2021-08-18 12:45:42",,1,1,Abbey Hotel,2,"","20160329001913",#9#,,0,0,0,,,
6385,9,Abbey Hotel Company Limited,"",August,July,"",IE017157,"","",1,106,1,1,1,"2021-08-18 12:47:23","2021-08-18 12:47:23",,1,1,Abbey Hotel Company Limited,2,"","20160329000038",#9#6385#,,0,0,0,,,
3038,,Abbey House Medical Centre,"",August,July,"","4104182V","","",1,106,1,1,1,"2021-08-18 12:46:20","2021-08-18 12:46:20",,1,1,Abbey House Medical Centre,2,"","20180226005025",#3038#,,0,0,0,,,
33895,,"Abbey Insurance, Octane","",October,September,"","",,,1,106,1,,,"2021-10-05 05:12:37","2021-10-05 05:12:37",,82,1,,,,,,,0,0,0,,,
43513,,Abbey international finance,"",October,September,http://www.abbeyintfin.ie/,"",,,1,106,1,,,"2021-10-05 05:16:26","2021-10-05 05:16:26",,,1,,,,,,,0,0,0,,,
29274,,Abbey International Finance Limited,"",October,September,"","","","0011v00002GLPLU",1,106,1,69,69,"2019-08-28 00:00:00","2019-08-28 00:00:00",,64,1,"",,"",,,,0,0,0,,,
23437,,Abbey Investigations Limited,"",October,September,www.abbeyinvestigations.net,"",,,1,106,1,,,"2021-10-05 05:07:45","2021-10-05 05:07:45",,137,1,,,,,,,0,0,0,,,
